mtllib harbor.mtl
o harbor_geo
usemtl harbor_mat
v -4 3.167794704437256 -6
v -4 3.167794704437256 -3
v -3.791433095932007 3.1677944660186768 -3.000000238418579
v -4 3.167794704437256 -6
v -3.791433095932007 3.1677944660186768 -3.000000238418579
v -3.791433334350586 3.1677944660186768 -6
v -6.020046234130859 2.9177944660186768 -5.75
v -6.020046234130859 2.9177944660186768 -3.25
v -6.020046234130859 -1.1102230246251565e-16 -3.25
v -6.020046234130859 2.9177944660186768 -5.75
v -6.020046234130859 -1.1102230246251565e-16 -3.25
v -6.020046234130859 0 -5.75
v -4 0 -3
v -3.791433095932007 5.960464477539063e-8 -3.000000238418579
v -3.791433095932007 3.1677944660186768 -3.000000238418579
v -4 0 -3
v -3.791433095932007 3.1677944660186768 -3.000000238418579
v -4 3.167794704437256 -3
v -3.791433334350586 5.960464477539063e-8 -6
v -4 0 -6
v -4 3.167794704437256 -6
v -3.791433334350586 5.960464477539063e-8 -6
v -4 3.167794704437256 -6
v -3.791433334350586 3.1677944660186768 -6
v -3.791433334350586 3.1677944660186768 -6
v -3.791433095932007 3.1677944660186768 -3.000000238418579
v -3.7914350032806396 2.9177944660186768 -3.250000238418579
v -3.791433334350586 3.1677944660186768 -6
v -3.7914350032806396 2.9177944660186768 -3.250000238418579
v -3.7914352416992188 2.9177944660186768 -5.75
v -3.791433095932007 3.1677944660186768 -3.000000238418579
v -3.791433095932007 5.960464477539063e-8 -3.000000238418579
v -3.7914350032806396 0 -3.250000238418579
v -3.791433095932007 3.1677944660186768 -3.000000238418579
v -3.7914350032806396 0 -3.250000238418579
v -3.7914350032806396 2.9177944660186768 -3.250000238418579
v -3.791433334350586 5.960464477539063e-8 -6
v -3.791433334350586 3.1677944660186768 -6
v -3.7914352416992188 2.9177944660186768 -5.75
v -3.791433334350586 5.960464477539063e-8 -6
v -3.7914352416992188 2.9177944660186768 -5.75
v -3.7914352416992188 0 -5.75
v -3.791433095932007 2.9177944660186768 -3.250000238418579
v -3.791433095932007 -2.220446049250313e-16 -3.250000238418579
v -6.020046234130859 -1.1102230246251565e-16 -3.25
v -3.791433095932007 2.9177944660186768 -3.250000238418579
v -6.020046234130859 -1.1102230246251565e-16 -3.25
v -6.020046234130859 2.9177944660186768 -3.25
v -3.791433334350586 0 -5.75
v -3.791433334350586 2.9177944660186768 -5.75
v -6.020046234130859 2.9177944660186768 -5.75
v -3.791433334350586 0 -5.75
v -6.020046234130859 2.9177944660186768 -5.75
v -6.020046234130859 0 -5.75
v -9.701423645019531 3.8609349727630615 -8
v -9.701423645019531 3.8609349727630615 -7.211647987365723
v -9.701423645019531 5.38385009765625 -7.211647987365723
v -9.701423645019531 3.8609349727630615 -8
v -9.701423645019531 5.38385009765625 -7.211647987365723
v -9.701423645019531 5.38385009765625 -8
v -10.536811828613281 6.003450393676758 -8.93963623046875
v -10.536811828613281 6.003450393676758 7.76846981048584
v -3.158766508102417 4.467816352844238 7.76846981048584
v -10.536811828613281 6.003450393676758 -8.93963623046875
v -3.158766508102417 4.467816352844238 7.76846981048584
v -3.158766746520996 4.467816352844238 -8.939635276794434
v -4 4.197115421295166 6.211647033691406
v -4 4.197115421295166 6.828836441040039
v -4 3.0098886489868164 6.828836441040039
v -4 4.197115421295166 6.211647033691406
v -4 3.0098886489868164 6.828836441040039
v -4 3.0098886489868164 6.211647033691406
v -9.701423645019531 3.8609349727630615 6.828836441040039
v -9 3.7562341690063477 6.828836441040039
v -9 5.237851142883301 6.828836441040039
v -9.701423645019531 3.8609349727630615 6.828836441040039
v -9 5.237851142883301 6.828836441040039
v -9.701423645019531 5.38385009765625 6.828836441040039
v -4.000000476837158 3.0098886489868164 -8
v -5 3.1591577529907227 -8
v -5 4.405262470245361 -8
v -4.000000476837158 3.0098886489868164 -8
v -5 4.405262470245361 -8
v -4.000000476837158 4.197115421295166 -8
v -10.536811828613281 5.557733535766602 -8.93963623046875
v -10.536811828613281 5.557733535766602 7.76846981048584
v -10.536811828613281 6.003450393676758 7.76846981048584
v -10.536811828613281 5.557733535766602 -8.93963623046875
v -10.536811828613281 6.003450393676758 7.76846981048584
v -10.536811828613281 6.003450393676758 -8.93963623046875
v -10.536811828613281 5.557733535766602 7.76846981048584
v -3.158766508102417 4.02201509475708 7.76846981048584
v -3.158766508102417 4.467816352844238 7.76846981048584
v -10.536811828613281 5.557733535766602 7.76846981048584
v -3.158766508102417 4.467816352844238 7.76846981048584
v -10.536811828613281 6.003450393676758 7.76846981048584
v -3.158766508102417 4.02201509475708 7.76846981048584
v -3.158766746520996 4.02201509475708 -8.939635276794434
v -3.158766746520996 4.467816352844238 -8.939635276794434
v -3.158766508102417 4.02201509475708 7.76846981048584
v -3.158766746520996 4.467816352844238 -8.939635276794434
v -3.158766508102417 4.467816352844238 7.76846981048584
v -3.158766746520996 4.02201509475708 -8.939635276794434
v -10.536811828613281 5.557733535766602 -8.93963623046875
v -10.536811828613281 6.003450393676758 -8.93963623046875
v -3.158766746520996 4.02201509475708 -8.939635276794434
v -10.536811828613281 6.003450393676758 -8.93963623046875
v -3.158766746520996 4.467816352844238 -8.939635276794434
v -4.000000476837158 4.197115421295166 -8
v -4 4.197115421295166 -7.211647987365723
v -4 3.0098886489868164 -7.211647987365723
v -4.000000476837158 4.197115421295166 -8
v -4 3.0098886489868164 -7.211647987365723
v -4.000000476837158 3.0098886489868164 -8
v -9.701423645019531 3.8609349727630615 -7.211647987365723
v -9.701422691345215 3.8609349727630615 6.2116475105285645
v -9.701422691345215 5.38385009765625 6.2116475105285645
v -9.701423645019531 3.8609349727630615 -7.211647987365723
v -9.701422691345215 5.38385009765625 6.2116475105285645
v -9.701423645019531 5.38385009765625 -7.211647987365723
v -9 3.7562341690063477 -8
v -9.701423645019531 3.8609349727630615 -8
v -9.701423645019531 5.38385009765625 -8
v -9 3.7562341690063477 -8
v -9.701423645019531 5.38385009765625 -8
v -9 5.237851142883301 -8
v -5 3.1591577529907227 -8
v -9 3.7562341690063477 -8
v -9 5.237851142883301 -8
v -5 3.1591577529907227 -8
v -9 5.237851142883301 -8
v -5 4.405262470245361 -8
v -4 4.197115421295166 -3.1117284297943115
v -4 4.197115421295166 6.211647033691406
v -4 3.0098886489868164 6.211647033691406
v -4 4.197115421295166 -3.1117284297943115
v -4 3.0098886489868164 6.211647033691406
v -4 3.0098886489868164 -3.1117284297943115
v -9.701422691345215 3.8609349727630615 6.2116475105285645
v -9.701423645019531 3.8609349727630615 6.828836441040039
v -9.701423645019531 5.38385009765625 6.828836441040039
v -9.701422691345215 3.8609349727630615 6.2116475105285645
v -9.701423645019531 5.38385009765625 6.828836441040039
v -9.701422691345215 5.38385009765625 6.2116475105285645
v -4.770424842834473 3.1591577529907227 6.828836441040039
v -4 3.0098886489868164 6.828836441040039
v -4 4.197115421295166 6.828836441040039
v -4.770424842834473 3.1591577529907227 6.828836441040039
v -4 4.197115421295166 6.828836441040039
v -4.770424842834473 4.405262470245361 6.828836441040039
v -9 3.7562341690063477 6.828836441040039
v -4.770424842834473 3.1591577529907227 6.828836441040039
v -4.770424842834473 4.405262470245361 6.828836441040039
v -9 3.7562341690063477 6.828836441040039
v -4.770424842834473 4.405262470245361 6.828836441040039
v -9 5.237851142883301 6.828836441040039
v -4 4.197115421295166 -7.211647987365723
v -4.000000476837158 4.197115421295166 -5.932032585144043
v -4.000000476837158 3.0098886489868164 -5.932032585144043
v -4 4.197115421295166 -7.211647987365723
v -4.000000476837158 3.0098886489868164 -5.932032585144043
v -4 3.0098886489868164 -7.211647987365723
v -4.000000476837158 4.197115421295166 -5.932032585144043
v -4 4.197115421295166 -3.1117284297943115
v -4 3.0098886489868164 -3.1117284297943115
v -4.000000476837158 4.197115421295166 -5.932032585144043
v -4 3.0098886489868164 -3.1117284297943115
v -4.000000476837158 3.0098886489868164 -5.932032585144043
v -4.000000476837158 0 -8
v -5 0 -8
v -5 3.1591577529907227 -8
v -4.000000476837158 0 -8
v -5 3.1591577529907227 -8
v -4.000000476837158 3.0098886489868164 -8
v -5 0 -8
v -9 0 -8
v -9 3.7562341690063477 -8
v -5 0 -8
v -9 3.7562341690063477 -8
v -5 3.1591577529907227 -8
v -9 0 -8
v -9.701423645019531 0 -8
v -9.701423645019531 3.8609349727630615 -8
v -9 0 -8
v -9.701423645019531 3.8609349727630615 -8
v -9 3.7562341690063477 -8
v -9.701423645019531 0 -8
v -9.701423645019531 0 -7.211647987365723
v -9.701423645019531 3.8609349727630615 -7.211647987365723
v -9.701423645019531 0 -8
v -9.701423645019531 3.8609349727630615 -7.211647987365723
v -9.701423645019531 3.8609349727630615 -8
v -9.701423645019531 0 -7.211647987365723
v -9.701422691345215 0 6.2116475105285645
v -9.701422691345215 3.8609349727630615 6.2116475105285645
v -9.701423645019531 0 -7.211647987365723
v -9.701422691345215 3.8609349727630615 6.2116475105285645
v -9.701423645019531 3.8609349727630615 -7.211647987365723
v -9.701422691345215 0 6.2116475105285645
v -9.701423645019531 0 6.828836441040039
v -9.701423645019531 3.8609349727630615 6.828836441040039
v -9.701422691345215 0 6.2116475105285645
v -9.701423645019531 3.8609349727630615 6.828836441040039
v -9.701422691345215 3.8609349727630615 6.2116475105285645
v -9.701423645019531 0 6.828836441040039
v -9 0 6.828836441040039
v -9 3.7562341690063477 6.828836441040039
v -9.701423645019531 0 6.828836441040039
v -9 3.7562341690063477 6.828836441040039
v -9.701423645019531 3.8609349727630615 6.828836441040039
v -9 0 6.828836441040039
v -4.770424842834473 0 6.828836441040039
v -4.770424842834473 3.1591577529907227 6.828836441040039
v -9 0 6.828836441040039
v -4.770424842834473 3.1591577529907227 6.828836441040039
v -9 3.7562341690063477 6.828836441040039
v -4.770424842834473 0 6.828836441040039
v -4 0 6.828836441040039
v -4 3.0098886489868164 6.828836441040039
v -4.770424842834473 0 6.828836441040039
v -4 3.0098886489868164 6.828836441040039
v -4.770424842834473 3.1591577529907227 6.828836441040039
v -4 3.0098886489868164 6.211647033691406
v -4 3.0098886489868164 6.828836441040039
v -4 0 6.828836441040039
v -4 3.0098886489868164 6.211647033691406
v -4 0 6.828836441040039
v -4 0 6.211647033691406
v -4 3.0098886489868164 -3.1117284297943115
v -4 3.0098886489868164 6.211647033691406
v -4 0 6.211647033691406
v -4 3.0098886489868164 -3.1117284297943115
v -4 0 6.211647033691406
v -4 0 -3.1117284297943115
v -4 3.0098886489868164 -7.211647987365723
v -4.000000476837158 3.0098886489868164 -5.932032585144043
v -4.000000476837158 0 -5.932032585144043
v -4 3.0098886489868164 -7.211647987365723
v -4.000000476837158 0 -5.932032585144043
v -4 0 -7.211647987365723
v -4.000000476837158 3.0098886489868164 -8
v -4 3.0098886489868164 -7.211647987365723
v -4 0 -7.211647987365723
v -4.000000476837158 3.0098886489868164 -8
v -4 0 -7.211647987365723
v -4.000000476837158 0 -8
v -8.04820442199707 1.6961196660995483 6.828836917877197
v -8.04820442199707 1.6961196660995483 6.976235389709473
v -8.04820442199707 3.422719955444336 6.976235389709473
v -8.04820442199707 1.6961196660995483 6.828836917877197
v -8.04820442199707 3.422719955444336 6.976235389709473
v -8.04820442199707 3.422719955444336 6.828836917877197
v -8.04820442199707 3.422719955444336 6.828836917877197
v -8.04820442199707 3.422719955444336 6.976235389709473
v -5.747882843017578 3.422719955444336 6.976235389709473
v -8.04820442199707 3.422719955444336 6.828836917877197
v -5.747882843017578 3.422719955444336 6.976235389709473
v -5.747883319854736 3.422719955444336 6.828836917877197
v -5.747883319854736 3.422719955444336 6.828836917877197
v -5.747882843017578 3.422719955444336 6.976235389709473
v -5.747882843017578 1.6961196660995483 6.976235389709473
v -5.747883319854736 3.422719955444336 6.828836917877197
v -5.747882843017578 1.6961196660995483 6.976235389709473
v -5.747883319854736 1.6961196660995483 6.828836917877197
v -5.747883319854736 1.6961196660995483 6.828836917877197
v -5.747882843017578 1.6961196660995483 6.976235389709473
v -8.04820442199707 1.6961196660995483 6.976235389709473
v -5.747883319854736 1.6961196660995483 6.828836917877197
v -8.04820442199707 1.6961196660995483 6.976235389709473
v -8.04820442199707 1.6961196660995483 6.828836917877197
v -8.04820442199707 1.6961196660995483 6.976235389709473
v -5.747882843017578 1.6961196660995483 6.976235389709473
v -5.747882843017578 3.422719955444336 6.976235389709473
v -8.04820442199707 1.6961196660995483 6.976235389709473
v -5.747882843017578 3.422719955444336 6.976235389709473
v -8.04820442199707 3.422719955444336 6.976235389709473
v -10 -0.5658098459243774 -2.689999580383301
v -10 -0.5658098459243774 12
v -10 0 12
v -10 -0.5658098459243774 -2.689999580383301
v -10 0 12
v -10 0 -2.689999580383301
v -8.309999465942383 0 -2.6899991035461426
v -8.309999465942383 0 10.309999465942383
v -1.690000057220459 0 10.309999465942383
v -8.309999465942383 0 -2.6899991035461426
v -1.690000057220459 0 10.309999465942383
v -1.690000057220459 0 -2.6899986267089844
v 0 0 -0.9999985694885254
v 0 0 12
v 0 -0.5658098459243774 12
v 0 0 -0.9999985694885254
v 0 -0.5658098459243774 12
v 0 -0.5658098459243774 -0.9999985694885254
v -10 -0.5658098459243774 12
v 0 -0.5658098459243774 12
v 0 0 12
v -10 -0.5658098459243774 12
v 0 0 12
v -10 0 12
v -10 -0.5658098459243774 -2.689999580383301
v -10 0 -2.689999580383301
v -10 0 -8
v -10 -0.5658098459243774 -2.689999580383301
v -10 0 -8
v -10 -0.5658098459243774 -8
v -8.309999465942383 0 -2.6899991035461426
v -1.690000057220459 0 -2.6899986267089844
v -1.6900005340576172 0 -6.309999465942383
v -8.309999465942383 0 -2.6899991035461426
v -1.6900005340576172 0 -6.309999465942383
v -8.309999465942383 0 -6.309998989105225
v 6.999998569488525 0 -0.9999990463256836
v 6.999998569488525 -0.5658098459243774 -0.9999990463256836
v 6.999998092651367 -0.5658098459243774 -8
v 6.999998569488525 0 -0.9999990463256836
v 6.999998092651367 -0.5658098459243774 -8
v 6.999998092651367 0 -8
v 0 0 -0.9999985694885254
v 0 -0.5658098459243774 -0.9999985694885254
v 6.999998569488525 -0.5658098459243774 -0.9999990463256836
v 0 0 -0.9999985694885254
v 6.999998569488525 -0.5658098459243774 -0.9999990463256836
v 6.999998569488525 0 -0.9999990463256836
v -1.6900005340576172 0 -6.309999465942383
v -1.690000057220459 0 -2.6899986267089844
v 5.309999465942383 0 -2.6899986267089844
v -1.6900005340576172 0 -6.309999465942383
v 5.309999465942383 0 -2.6899986267089844
v 5.309999465942383 0 -6.309999465942383
v -10 0 -2.689999580383301
v -10 0 12
v -8.309999465942383 0 10.309999465942383
v -10 0 -2.689999580383301
v -8.309999465942383 0 10.309999465942383
v -8.309999465942383 0 -2.6899991035461426
v -10 0 12
v 0 0 12
v -1.690000057220459 0 10.309999465942383
v -10 0 12
v -1.690000057220459 0 10.309999465942383
v -8.309999465942383 0 10.309999465942383
v 0 0 12
v 0 0 -0.9999985694885254
v -1.690000057220459 0 -2.6899986267089844
v 0 0 12
v -1.690000057220459 0 -2.6899986267089844
v -1.690000057220459 0 10.309999465942383
v -1.6900005340576172 0 -8
v -10 0 -8
v -8.309999465942383 0 -6.309998989105225
v -1.6900005340576172 0 -8
v -8.309999465942383 0 -6.309998989105225
v -1.6900005340576172 0 -6.309999465942383
v -10 0 -8
v -10 0 -2.689999580383301
v -8.309999465942383 0 -2.6899991035461426
v -10 0 -8
v -8.309999465942383 0 -2.6899991035461426
v -8.309999465942383 0 -6.309998989105225
v 0 0 -0.9999985694885254
v 6.999998569488525 0 -0.9999990463256836
v 5.309999465942383 0 -2.6899986267089844
v 0 0 -0.9999985694885254
v 5.309999465942383 0 -2.6899986267089844
v -1.690000057220459 0 -2.6899986267089844
v 6.999998569488525 0 -0.9999990463256836
v 6.999998092651367 0 -8
v 5.309999465942383 0 -6.309999465942383
v 6.999998569488525 0 -0.9999990463256836
v 5.309999465942383 0 -6.309999465942383
v 5.309999465942383 0 -2.6899986267089844
v 6.999998092651367 0 -8
v -1.6900005340576172 0 -8
v -1.6900005340576172 0 -6.309999465942383
v 6.999998092651367 0 -8
v -1.6900005340576172 0 -6.309999465942383
v 5.309999465942383 0 -6.309999465942383
v 0.28969383239746094 -0.7573884725570679 -0.9547624588012695
v 0.28969383239746094 -0.7573884725570679 0.25197410583496094
v 0.28969383239746094 -0.5271896123886108 0.25197410583496094
v 0.28969383239746094 -0.7573884725570679 -0.9547624588012695
v 0.28969383239746094 -0.5271896123886108 0.25197410583496094
v 0.28969383239746094 -0.5271896123886108 -0.9547624588012695
v 0.28969383239746094 -0.5271896123886108 -0.9547624588012695
v 0.28969383239746094 -0.5271896123886108 0.25197410583496094
v 3.289693832397461 -0.5271896123886108 0.25197410583496094
v 0.28969383239746094 -0.5271896123886108 -0.9547624588012695
v 3.289693832397461 -0.5271896123886108 0.25197410583496094
v 3.289693832397461 -0.5271896123886108 -0.9547624588012695
v 3.289693832397461 -0.5271896123886108 -0.9547624588012695
v 3.289693832397461 -0.5271896123886108 0.25197410583496094
v 3.289693832397461 -0.7573884725570679 0.25197410583496094
v 3.289693832397461 -0.5271896123886108 -0.9547624588012695
v 3.289693832397461 -0.7573884725570679 0.25197410583496094
v 3.289693832397461 -0.7573884725570679 -0.9547624588012695
v 0.28969383239746094 -0.7573884725570679 0.25197410583496094
v 3.289693832397461 -0.7573884725570679 0.25197410583496094
v 3.289693832397461 -0.5271896123886108 0.25197410583496094
v 0.28969383239746094 -0.7573884725570679 0.25197410583496094
v 3.289693832397461 -0.5271896123886108 0.25197410583496094
v 0.28969383239746094 -0.5271896123886108 0.25197410583496094
v 0.28969383239746094 -1.20786452293396 0.04523754119873047
v 0.28969383239746094 -1.20786452293396 1.251974105834961
v 0.28969383239746094 -0.9776656627655029 1.251974105834961
v 0.28969383239746094 -1.20786452293396 0.04523754119873047
v 0.28969383239746094 -0.9776656627655029 1.251974105834961
v 0.28969383239746094 -0.9776656627655029 0.04523754119873047
v 0.28969383239746094 -0.9776656627655029 0.04523754119873047
v 0.28969383239746094 -0.9776656627655029 1.251974105834961
v 3.289693832397461 -0.9776656627655029 1.251974105834961
v 0.28969383239746094 -0.9776656627655029 0.04523754119873047
v 3.289693832397461 -0.9776656627655029 1.251974105834961
v 3.289693832397461 -0.9776656627655029 0.04523754119873047
v 3.289693832397461 -0.9776656627655029 0.04523754119873047
v 3.289693832397461 -0.9776656627655029 1.251974105834961
v 3.289693832397461 -1.20786452293396 1.251974105834961
v 3.289693832397461 -0.9776656627655029 0.04523754119873047
v 3.289693832397461 -1.20786452293396 1.251974105834961
v 3.289693832397461 -1.20786452293396 0.04523754119873047
v 0.28969383239746094 -1.20786452293396 1.251974105834961
v 3.289693832397461 -1.20786452293396 1.251974105834961
v 3.289693832397461 -0.9776656627655029 1.251974105834961
v 0.28969383239746094 -1.20786452293396 1.251974105834961
v 3.289693832397461 -0.9776656627655029 1.251974105834961
v 0.28969383239746094 -0.9776656627655029 1.251974105834961
v 0.28969383239746094 -1.6583406925201416 1.0452375411987305
v 0.28969383239746094 -1.6583406925201416 2.251974105834961
v 0.28969383239746094 -1.4281418323516846 2.251974105834961
v 0.28969383239746094 -1.6583406925201416 1.0452375411987305
v 0.28969383239746094 -1.4281418323516846 2.251974105834961
v 0.28969383239746094 -1.4281418323516846 1.0452375411987305
v 0.28969383239746094 -1.4281418323516846 1.0452375411987305
v 0.28969383239746094 -1.4281418323516846 2.251974105834961
v 3.289693832397461 -1.4281418323516846 2.251974105834961
v 0.28969383239746094 -1.4281418323516846 1.0452375411987305
v 3.289693832397461 -1.4281418323516846 2.251974105834961
v 3.289693832397461 -1.4281418323516846 1.0452375411987305
v 3.289693832397461 -1.4281418323516846 1.0452375411987305
v 3.289693832397461 -1.4281418323516846 2.251974105834961
v 3.289693832397461 -1.6583406925201416 2.251974105834961
v 3.289693832397461 -1.4281418323516846 1.0452375411987305
v 3.289693832397461 -1.6583406925201416 2.251974105834961
v 3.289693832397461 -1.6583406925201416 1.0452375411987305
v 0.28969383239746094 -1.6583406925201416 2.251974105834961
v 3.289693832397461 -1.6583406925201416 2.251974105834961
v 3.289693832397461 -1.4281418323516846 2.251974105834961
v 0.28969383239746094 -1.6583406925201416 2.251974105834961
v 3.289693832397461 -1.4281418323516846 2.251974105834961
v 0.28969383239746094 -1.4281418323516846 2.251974105834961
v 0.28969383239746094 -2.108816623687744 2.0452375411987305
v 0.28969383239746094 -2.108816623687744 3.251974105834961
v 0.28969383239746094 -1.878617763519287 3.251974105834961
v 0.28969383239746094 -2.108816623687744 2.0452375411987305
v 0.28969383239746094 -1.878617763519287 3.251974105834961
v 0.28969383239746094 -1.878617763519287 2.0452375411987305
v 0.28969383239746094 -1.878617763519287 2.0452375411987305
v 0.28969383239746094 -1.878617763519287 3.251974105834961
v 3.289693832397461 -1.878617763519287 3.251974105834961
v 0.28969383239746094 -1.878617763519287 2.0452375411987305
v 3.289693832397461 -1.878617763519287 3.251974105834961
v 3.289693832397461 -1.878617763519287 2.0452375411987305
v 3.289693832397461 -1.878617763519287 2.0452375411987305
v 3.289693832397461 -1.878617763519287 3.251974105834961
v 3.289693832397461 -2.108816623687744 3.251974105834961
v 3.289693832397461 -1.878617763519287 2.0452375411987305
v 3.289693832397461 -2.108816623687744 3.251974105834961
v 3.289693832397461 -2.108816623687744 2.0452375411987305
v 0.28969383239746094 -2.108816623687744 3.251974105834961
v 3.289693832397461 -2.108816623687744 3.251974105834961
v 3.289693832397461 -1.878617763519287 3.251974105834961
v 0.28969383239746094 -2.108816623687744 3.251974105834961
v 3.289693832397461 -1.878617763519287 3.251974105834961
v 0.28969383239746094 -1.878617763519287 3.251974105834961
v 0.28969377279281616 -2.559292793273926 3.0452375411987305
v 0.28969383239746094 -2.559292793273926 5.996932029724121
v 0.28969383239746094 -2.3290939331054688 5.996932029724121
v 0.28969377279281616 -2.559292793273926 3.0452375411987305
v 0.28969383239746094 -2.3290939331054688 5.996932029724121
v 0.28969377279281616 -2.3290939331054688 3.0452375411987305
v 0.28969377279281616 -2.3290939331054688 3.0452375411987305
v 0.28969383239746094 -2.3290939331054688 5.996932029724121
v 3.289693832397461 -2.3290939331054688 5.996932029724121
v 0.28969377279281616 -2.3290939331054688 3.0452375411987305
v 3.289693832397461 -2.3290939331054688 5.996932029724121
v 3.289693832397461 -2.3290939331054688 3.0452375411987305
v 3.289693832397461 -2.3290939331054688 3.0452375411987305
v 3.289693832397461 -2.3290939331054688 5.996932029724121
v 3.289693832397461 -2.559292793273926 5.996932029724121
v 3.289693832397461 -2.3290939331054688 3.0452375411987305
v 3.289693832397461 -2.559292793273926 5.996932029724121
v 3.289693832397461 -2.559292793273926 3.0452375411987305
v 0.28969383239746094 -2.559292793273926 5.996932029724121
v 3.289693832397461 -2.559292793273926 5.996932029724121
v 3.289693832397461 -2.3290939331054688 5.996932029724121
v 0.28969383239746094 -2.559292793273926 5.996932029724121
v 3.289693832397461 -2.3290939331054688 5.996932029724121
v 0.28969383239746094 -2.3290939331054688 5.996932029724121
v 2.8878555297851562 -3.309673309326172 3.867709159851074
v 3.3116540908813477 -3.309673309326172 3.867709159851074
v 3.3116540908813477 -2.9297964572906494 3.867709159851074
v 2.8878555297851562 -3.309673309326172 3.867709159851074
v 3.3116540908813477 -2.9297964572906494 3.867709159851074
v 2.8878555297851562 -2.9297964572906494 3.867709159851074
v 3.311655044555664 -1.1372654438018799 -0.9547624588012695
v 3.311655044555664 -0.7573884725570679 -0.9547624588012695
v 3.3116540908813477 -2.9297964572906494 3.867709159851074
v 3.311655044555664 -1.1372654438018799 -0.9547624588012695
v 3.3116540908813477 -2.9297964572906494 3.867709159851074
v 3.3116540908813477 -3.309673309326172 3.867709159851074
v 3.311655044555664 -0.7573884725570679 -0.9547624588012695
v 2.8878564834594727 -0.7573884725570679 -0.9547624588012695
v 2.8878555297851562 -2.9297964572906494 3.867709159851074
v 3.311655044555664 -0.7573884725570679 -0.9547624588012695
v 2.8878555297851562 -2.9297964572906494 3.867709159851074
v 3.3116540908813477 -2.9297964572906494 3.867709159851074
v 2.8878564834594727 -0.7573884725570679 -0.9547624588012695
v 2.8878564834594727 -1.1372654438018799 -0.9547624588012695
v 2.8878555297851562 -3.309673309326172 3.867709159851074
v 2.8878564834594727 -0.7573884725570679 -0.9547624588012695
v 2.8878555297851562 -3.309673309326172 3.867709159851074
v 2.8878555297851562 -2.9297964572906494 3.867709159851074
v 2.939687728881836 -4.5070624351501465 5.618308067321777
v 2.939687728881836 -4.5070624351501465 5.957862854003906
v 2.939687728881836 -2.559292793273926 5.957862854003906
v 2.939687728881836 -4.5070624351501465 5.618308067321777
v 2.939687728881836 -2.559292793273926 5.957862854003906
v 2.939687728881836 -2.559292793273926 5.618308067321777
v 3.261075973510742 -2.559292793273926 5.618308067321777
v 3.261075973510742 -2.559292793273926 5.957862854003906
v 3.261075973510742 -4.5070624351501465 5.957862854003906
v 3.261075973510742 -2.559292793273926 5.618308067321777
v 3.261075973510742 -4.5070624351501465 5.957862854003906
v 3.261075973510742 -4.5070624351501465 5.618308067321777
v 2.939687728881836 -4.5070624351501465 5.957862854003906
v 3.261075973510742 -4.5070624351501465 5.957862854003906
v 3.261075973510742 -2.559292793273926 5.957862854003906
v 2.939687728881836 -4.5070624351501465 5.957862854003906
v 3.261075973510742 -2.559292793273926 5.957862854003906
v 2.939687728881836 -2.559292793273926 5.957862854003906
v 3.261075973510742 -4.5070624351501465 5.618308067321777
v 2.939687728881836 -4.5070624351501465 5.618308067321777
v 2.939687728881836 -2.559292793273926 5.618308067321777
v 3.261075973510742 -4.5070624351501465 5.618308067321777
v 2.939687728881836 -2.559292793273926 5.618308067321777
v 3.261075973510742 -2.559292793273926 5.618308067321777
v 2.9500861167907715 -2.3885622024536133 2.6662354469299316
v 2.9500861167907715 -2.559292793273926 3.0452370643615723
v 2.9500861167907715 -2.108816623687744 3.0452370643615723
v 2.9500861167907715 -2.3885622024536133 2.6662354469299316
v 2.9500861167907715 -2.108816623687744 3.0452370643615723
v 2.9500861167907715 -2.108816623687744 2.6666131019592285
v 3.252274513244629 -2.108816623687744 2.6666135787963867
v 3.252274513244629 -2.108816623687744 3.0452375411987305
v 3.252274513244629 -2.559292793273926 3.0452375411987305
v 3.252274513244629 -2.108816623687744 2.6666135787963867
v 3.252274513244629 -2.559292793273926 3.0452375411987305
v 3.252274513244629 -2.3885622024536133 2.66623592376709
v 2.9500861167907715 -2.559292793273926 3.0452370643615723
v 3.252274513244629 -2.559292793273926 3.0452375411987305
v 3.252274513244629 -2.108816623687744 3.0452375411987305
v 2.9500861167907715 -2.559292793273926 3.0452370643615723
v 3.252274513244629 -2.108816623687744 3.0452375411987305
v 2.9500861167907715 -2.108816623687744 3.0452370643615723
v 3.252274513244629 -2.3885622024536133 2.66623592376709
v 2.9500861167907715 -2.3885622024536133 2.6662354469299316
v 2.9500861167907715 -2.108816623687744 2.6666131019592285
v 3.252274513244629 -2.3885622024536133 2.66623592376709
v 2.9500861167907715 -2.108816623687744 2.6666131019592285
v 3.252274513244629 -2.108816623687744 2.6666135787963867
v 2.9500858783721924 -1.9380861520767212 1.6662354469299316
v 2.9500861167907715 -2.108816623687744 2.0452370643615723
v 2.9500861167907715 -1.658340573310852 2.0452370643615723
v 2.9500858783721924 -1.9380861520767212 1.6662354469299316
v 2.9500861167907715 -1.658340573310852 2.0452370643615723
v 2.9500861167907715 -1.6583404541015625 1.6666131019592285
v 3.252274513244629 -1.6583404541015625 1.6666135787963867
v 3.252274513244629 -1.658340573310852 2.0452375411987305
v 3.252274513244629 -2.108816623687744 2.0452375411987305
v 3.252274513244629 -1.6583404541015625 1.6666135787963867
v 3.252274513244629 -2.108816623687744 2.0452375411987305
v 3.25227427482605 -1.9380861520767212 1.6662359237670898
v 2.9500861167907715 -2.108816623687744 2.0452370643615723
v 3.252274513244629 -2.108816623687744 2.0452375411987305
v 3.252274513244629 -1.658340573310852 2.0452375411987305
v 2.9500861167907715 -2.108816623687744 2.0452370643615723
v 3.252274513244629 -1.658340573310852 2.0452375411987305
v 2.9500861167907715 -1.658340573310852 2.0452370643615723
v 3.25227427482605 -1.9380861520767212 1.6662359237670898
v 2.9500858783721924 -1.9380861520767212 1.6662354469299316
v 2.9500861167907715 -1.6583404541015625 1.6666131019592285
v 3.25227427482605 -1.9380861520767212 1.6662359237670898
v 2.9500861167907715 -1.6583404541015625 1.6666131019592285
v 3.252274513244629 -1.6583404541015625 1.6666135787963867
v 2.9500858783721924 -1.4876102209091187 0.6662354469299316
v 2.9500861167907715 -1.6583406925201416 1.0452370643615723
v 2.9500861167907715 -1.2078646421432495 1.0452370643615723
v 2.9500858783721924 -1.4876102209091187 0.6662354469299316
v 2.9500861167907715 -1.2078646421432495 1.0452370643615723
v 2.9500861167907715 -1.20786452293396 0.6666131019592285
v 3.252274513244629 -1.20786452293396 0.6666135787963867
v 3.252274513244629 -1.2078646421432495 1.0452375411987305
v 3.252274513244629 -1.6583406925201416 1.0452375411987305
v 3.252274513244629 -1.20786452293396 0.6666135787963867
v 3.252274513244629 -1.6583406925201416 1.0452375411987305
v 3.25227427482605 -1.4876102209091187 0.6662359237670898
v 2.9500861167907715 -1.6583406925201416 1.0452370643615723
v 3.252274513244629 -1.6583406925201416 1.0452375411987305
v 3.252274513244629 -1.2078646421432495 1.0452375411987305
v 2.9500861167907715 -1.6583406925201416 1.0452370643615723
v 3.252274513244629 -1.2078646421432495 1.0452375411987305
v 2.9500861167907715 -1.2078646421432495 1.0452370643615723
v 3.25227427482605 -1.4876102209091187 0.6662359237670898
v 2.9500858783721924 -1.4876102209091187 0.6662354469299316
v 2.9500861167907715 -1.20786452293396 0.6666131019592285
v 3.25227427482605 -1.4876102209091187 0.6662359237670898
v 2.9500861167907715 -1.20786452293396 0.6666131019592285
v 3.252274513244629 -1.20786452293396 0.6666135787963867
v 2.9500861167907715 -1.037134051322937 -0.33376407623291016
v 2.9500861167907715 -1.20786452293396 0.04523754119873047
v 2.9500861167907715 -0.7573884725570679 0.04523754119873047
v 2.9500861167907715 -1.037134051322937 -0.33376407623291016
v 2.9500861167907715 -0.7573884725570679 0.04523754119873047
v 2.9500861167907715 -0.7573882937431335 -0.3333864212036133
v 3.252274513244629 -0.7573882937431335 -0.3333864212036133
v 3.252274513244629 -0.7573884725570679 0.04523754119873047
v 3.252274513244629 -1.20786452293396 0.04523754119873047
v 3.252274513244629 -0.7573882937431335 -0.3333864212036133
v 3.252274513244629 -1.20786452293396 0.04523754119873047
v 3.252274513244629 -1.037134051322937 -0.33376407623291016
v 2.9500861167907715 -1.20786452293396 0.04523754119873047
v 3.252274513244629 -1.20786452293396 0.04523754119873047
v 3.252274513244629 -0.7573884725570679 0.04523754119873047
v 2.9500861167907715 -1.20786452293396 0.04523754119873047
v 3.252274513244629 -0.7573884725570679 0.04523754119873047
v 2.9500861167907715 -0.7573884725570679 0.04523754119873047
v 3.252274513244629 -1.037134051322937 -0.33376407623291016
v 2.9500861167907715 -1.037134051322937 -0.33376407623291016
v 2.9500861167907715 -0.7573882937431335 -0.3333864212036133
v 3.252274513244629 -1.037134051322937 -0.33376407623291016
v 2.9500861167907715 -0.7573882937431335 -0.3333864212036133
v 3.252274513244629 -0.7573882937431335 -0.3333864212036133
v 0.28969287872314453 -3.309673309326172 3.867709159851074
v 0.7134914398193359 -3.309673309326172 3.867709159851074
v 0.7134914398193359 -2.9297964572906494 3.867709159851074
v 0.28969287872314453 -3.309673309326172 3.867709159851074
v 0.7134914398193359 -2.9297964572906494 3.867709159851074
v 0.28969287872314453 -2.9297964572906494 3.867709159851074
v 0.7134923934936523 -1.1372654438018799 -0.9547624588012695
v 0.7134923934936523 -0.7573884725570679 -0.9547624588012695
v 0.7134914398193359 -2.9297964572906494 3.867709159851074
v 0.7134923934936523 -1.1372654438018799 -0.9547624588012695
v 0.7134914398193359 -2.9297964572906494 3.867709159851074
v 0.7134914398193359 -3.309673309326172 3.867709159851074
v 0.7134923934936523 -0.7573884725570679 -0.9547624588012695
v 0.28969383239746094 -0.7573884725570679 -0.9547624588012695
v 0.28969287872314453 -2.9297964572906494 3.867709159851074
v 0.7134923934936523 -0.7573884725570679 -0.9547624588012695
v 0.28969287872314453 -2.9297964572906494 3.867709159851074
v 0.7134914398193359 -2.9297964572906494 3.867709159851074
v 0.28969383239746094 -0.7573884725570679 -0.9547624588012695
v 0.28969383239746094 -1.1372654438018799 -0.9547624588012695
v 0.28969287872314453 -3.309673309326172 3.867709159851074
v 0.28969383239746094 -0.7573884725570679 -0.9547624588012695
v 0.28969287872314453 -3.309673309326172 3.867709159851074
v 0.28969287872314453 -2.9297964572906494 3.867709159851074
v 0.3415250778198242 -4.5070624351501465 5.618308067321777
v 0.3415250778198242 -4.5070624351501465 5.95786190032959
v 0.3415250778198242 -2.559292793273926 5.95786190032959
v 0.3415250778198242 -4.5070624351501465 5.618308067321777
v 0.3415250778198242 -2.559292793273926 5.95786190032959
v 0.3415250778198242 -2.559292793273926 5.618308067321777
v 0.6629133224487305 -2.559292793273926 5.618308067321777
v 0.6629133224487305 -2.559292793273926 5.95786190032959
v 0.6629133224487305 -4.5070624351501465 5.95786190032959
v 0.6629133224487305 -2.559292793273926 5.618308067321777
v 0.6629133224487305 -4.5070624351501465 5.95786190032959
v 0.6629133224487305 -4.5070624351501465 5.618308067321777
v 0.3415250778198242 -4.5070624351501465 5.95786190032959
v 0.6629133224487305 -4.5070624351501465 5.95786190032959
v 0.6629133224487305 -2.559292793273926 5.95786190032959
v 0.3415250778198242 -4.5070624351501465 5.95786190032959
v 0.6629133224487305 -2.559292793273926 5.95786190032959
v 0.3415250778198242 -2.559292793273926 5.95786190032959
v 0.6629133224487305 -4.5070624351501465 5.618308067321777
v 0.3415250778198242 -4.5070624351501465 5.618308067321777
v 0.3415250778198242 -2.559292793273926 5.618308067321777
v 0.6629133224487305 -4.5070624351501465 5.618308067321777
v 0.3415250778198242 -2.559292793273926 5.618308067321777
v 0.6629133224487305 -2.559292793273926 5.618308067321777
v 0.35192346572875977 -2.3885622024536133 2.666236400604248
v 0.35192346572875977 -2.559292793273926 3.0452380180358887
v 0.35192346572875977 -2.108816623687744 3.0452380180358887
v 0.35192346572875977 -2.3885622024536133 2.666236400604248
v 0.35192346572875977 -2.108816623687744 3.0452380180358887
v 0.35192346572875977 -2.108816623687744 2.666614055633545
v 0.6541118621826172 -2.108816623687744 2.6666135787963867
v 0.6541118621826172 -2.108816623687744 3.0452375411987305
v 0.6541118621826172 -2.559292793273926 3.0452375411987305
v 0.6541118621826172 -2.108816623687744 2.6666135787963867
v 0.6541118621826172 -2.559292793273926 3.0452375411987305
v 0.6541118621826172 -2.3885622024536133 2.66623592376709
v 0.35192346572875977 -2.559292793273926 3.0452380180358887
v 0.6541118621826172 -2.559292793273926 3.0452375411987305
v 0.6541118621826172 -2.108816623687744 3.0452375411987305
v 0.35192346572875977 -2.559292793273926 3.0452380180358887
v 0.6541118621826172 -2.108816623687744 3.0452375411987305
v 0.35192346572875977 -2.108816623687744 3.0452380180358887
v 0.6541118621826172 -2.3885622024536133 2.66623592376709
v 0.35192346572875977 -2.3885622024536133 2.666236400604248
v 0.35192346572875977 -2.108816623687744 2.666614055633545
v 0.6541118621826172 -2.3885622024536133 2.66623592376709
v 0.35192346572875977 -2.108816623687744 2.666614055633545
v 0.6541118621826172 -2.108816623687744 2.6666135787963867
v 0.35192346572875977 -1.9380861520767212 1.6662354469299316
v 0.35192346572875977 -2.108816623687744 2.0452375411987305
v 0.35192346572875977 -1.658340573310852 2.0452375411987305
v 0.35192346572875977 -1.9380861520767212 1.6662354469299316
v 0.35192346572875977 -1.658340573310852 2.0452375411987305
v 0.35192346572875977 -1.6583404541015625 1.6666135787963867
v 0.6541118621826172 -1.6583404541015625 1.6666135787963867
v 0.6541118621826172 -1.658340573310852 2.0452375411987305
v 0.6541118621826172 -2.108816623687744 2.0452375411987305
v 0.6541118621826172 -1.6583404541015625 1.6666135787963867
v 0.6541118621826172 -2.108816623687744 2.0452375411987305
v 0.6541118621826172 -1.9380861520767212 1.6662359237670898
v 0.35192346572875977 -2.108816623687744 2.0452375411987305
v 0.6541118621826172 -2.108816623687744 2.0452375411987305
v 0.6541118621826172 -1.658340573310852 2.0452375411987305
v 0.35192346572875977 -2.108816623687744 2.0452375411987305
v 0.6541118621826172 -1.658340573310852 2.0452375411987305
v 0.35192346572875977 -1.658340573310852 2.0452375411987305
v 0.6541118621826172 -1.9380861520767212 1.6662359237670898
v 0.35192346572875977 -1.9380861520767212 1.6662354469299316
v 0.35192346572875977 -1.6583404541015625 1.6666135787963867
v 0.6541118621826172 -1.9380861520767212 1.6662359237670898
v 0.35192346572875977 -1.6583404541015625 1.6666135787963867
v 0.6541118621826172 -1.6583404541015625 1.6666135787963867
v 0.35192346572875977 -1.4876102209091187 0.6662354469299316
v 0.35192346572875977 -1.6583406925201416 1.0452375411987305
v 0.35192346572875977 -1.2078646421432495 1.0452375411987305
v 0.35192346572875977 -1.4876102209091187 0.6662354469299316
v 0.35192346572875977 -1.2078646421432495 1.0452375411987305
v 0.35192346572875977 -1.20786452293396 0.6666135787963867
v 0.6541118621826172 -1.20786452293396 0.6666135787963867
v 0.6541118621826172 -1.2078646421432495 1.0452375411987305
v 0.6541118621826172 -1.6583406925201416 1.0452375411987305
v 0.6541118621826172 -1.20786452293396 0.6666135787963867
v 0.6541118621826172 -1.6583406925201416 1.0452375411987305
v 0.6541118621826172 -1.4876102209091187 0.6662359237670898
v 0.35192346572875977 -1.6583406925201416 1.0452375411987305
v 0.6541118621826172 -1.6583406925201416 1.0452375411987305
v 0.6541118621826172 -1.2078646421432495 1.0452375411987305
v 0.35192346572875977 -1.6583406925201416 1.0452375411987305
v 0.6541118621826172 -1.2078646421432495 1.0452375411987305
v 0.35192346572875977 -1.2078646421432495 1.0452375411987305
v 0.6541118621826172 -1.4876102209091187 0.6662359237670898
v 0.35192346572875977 -1.4876102209091187 0.6662354469299316
v 0.35192346572875977 -1.20786452293396 0.6666135787963867
v 0.6541118621826172 -1.4876102209091187 0.6662359237670898
v 0.35192346572875977 -1.20786452293396 0.6666135787963867
v 0.6541118621826172 -1.20786452293396 0.6666135787963867
v 0.35192346572875977 -1.037134051322937 -0.33376407623291016
v 0.35192346572875977 -1.20786452293396 0.04523754119873047
v 0.35192346572875977 -0.7573884725570679 0.04523754119873047
v 0.35192346572875977 -1.037134051322937 -0.33376407623291016
v 0.35192346572875977 -0.7573884725570679 0.04523754119873047
v 0.35192346572875977 -0.7573882937431335 -0.3333864212036133
v 0.6541118621826172 -0.7573882937431335 -0.3333864212036133
v 0.6541118621826172 -0.7573884725570679 0.04523754119873047
v 0.6541118621826172 -1.20786452293396 0.04523754119873047
v 0.6541118621826172 -0.7573882937431335 -0.3333864212036133
v 0.6541118621826172 -1.20786452293396 0.04523754119873047
v 0.6541118621826172 -1.037134051322937 -0.33376407623291016
v 0.35192346572875977 -1.20786452293396 0.04523754119873047
v 0.6541118621826172 -1.20786452293396 0.04523754119873047
v 0.6541118621826172 -0.7573884725570679 0.04523754119873047
v 0.35192346572875977 -1.20786452293396 0.04523754119873047
v 0.6541118621826172 -0.7573884725570679 0.04523754119873047
v 0.35192346572875977 -0.7573884725570679 0.04523754119873047
v 0.6541118621826172 -1.037134051322937 -0.33376407623291016
v 0.35192346572875977 -1.037134051322937 -0.33376407623291016
v 0.35192346572875977 -0.7573882937431335 -0.3333864212036133
v 0.6541118621826172 -1.037134051322937 -0.33376407623291016
v 0.35192346572875977 -0.7573882937431335 -0.3333864212036133
v 0.6541118621826172 -0.7573882937431335 -0.3333864212036133
v 2.939687728881836 -4.5070624351501465 3.867709159851074
v 2.939687728881836 -4.5070624351501465 4.207263946533203
v 2.939687728881836 -2.559292793273926 4.207263946533203
v 2.939687728881836 -4.5070624351501465 3.867709159851074
v 2.939687728881836 -2.559292793273926 4.207263946533203
v 2.939687728881836 -2.559292793273926 3.867709159851074
v 3.261075973510742 -2.559292793273926 3.867709159851074
v 3.261075973510742 -2.559292793273926 4.207263946533203
v 3.261075973510742 -4.5070624351501465 4.207263946533203
v 3.261075973510742 -2.559292793273926 3.867709159851074
v 3.261075973510742 -4.5070624351501465 4.207263946533203
v 3.261075973510742 -4.5070624351501465 3.867709159851074
v 2.939687728881836 -4.5070624351501465 4.207263946533203
v 3.261075973510742 -4.5070624351501465 4.207263946533203
v 3.261075973510742 -2.559292793273926 4.207263946533203
v 2.939687728881836 -4.5070624351501465 4.207263946533203
v 3.261075973510742 -2.559292793273926 4.207263946533203
v 2.939687728881836 -2.559292793273926 4.207263946533203
v 3.261075973510742 -4.5070624351501465 3.867709159851074
v 2.939687728881836 -4.5070624351501465 3.867709159851074
v 2.939687728881836 -2.559292793273926 3.867709159851074
v 3.261075973510742 -4.5070624351501465 3.867709159851074
v 2.939687728881836 -2.559292793273926 3.867709159851074
v 3.261075973510742 -2.559292793273926 3.867709159851074
v 0.3415250778198242 -4.5070624351501465 3.867709159851074
v 0.3415250778198242 -4.5070624351501465 4.207262992858887
v 0.3415250778198242 -2.559292793273926 4.207262992858887
v 0.3415250778198242 -4.5070624351501465 3.867709159851074
v 0.3415250778198242 -2.559292793273926 4.207262992858887
v 0.3415250778198242 -2.559292793273926 3.867709159851074
v 0.6629133224487305 -2.559292793273926 3.867709159851074
v 0.6629133224487305 -2.559292793273926 4.207262992858887
v 0.6629133224487305 -4.5070624351501465 4.207262992858887
v 0.6629133224487305 -2.559292793273926 3.867709159851074
v 0.6629133224487305 -4.5070624351501465 4.207262992858887
v 0.6629133224487305 -4.5070624351501465 3.867709159851074
v 0.3415250778198242 -4.5070624351501465 4.207262992858887
v 0.6629133224487305 -4.5070624351501465 4.207262992858887
v 0.6629133224487305 -2.559292793273926 4.207262992858887
v 0.3415250778198242 -4.5070624351501465 4.207262992858887
v 0.6629133224487305 -2.559292793273926 4.207262992858887
v 0.3415250778198242 -2.559292793273926 4.207262992858887
v 0.6629133224487305 -4.5070624351501465 3.867709159851074
v 0.3415250778198242 -4.5070624351501465 3.867709159851074
v 0.3415250778198242 -2.559292793273926 3.867709159851074
v 0.6629133224487305 -4.5070624351501465 3.867709159851074
v 0.3415250778198242 -2.559292793273926 3.867709159851074
v 0.6629133224487305 -2.559292793273926 3.867709159851074
v -0.09285640716552734 0 10.012811660766602
v -0.12063837051391602 0 9.92730712890625
v -0.1309947967529297 0.08438166230916977 9.94312572479248
v -0.09285640716552734 0 10.012811660766602
v -0.1309947967529297 0.08438166230916977 9.94312572479248
v -0.1095571517944336 0.08438166230916977 10.009102821350098
v -0.12063837051391602 0 9.92730712890625
v -0.2105417251586914 0 9.927308082580566
v -0.20036792755126953 0.08438166230916977 9.943124771118164
v -0.12063837051391602 0 9.92730712890625
v -0.20036792755126953 0.08438166230916977 9.943124771118164
v -0.1309947967529297 0.08438166230916977 9.94312572479248
v -0.2105417251586914 0 9.927308082580566
v -0.23832368850708008 0 10.012809753417969
v -0.22180509567260742 0.08438166230916977 10.009103775024414
v -0.2105417251586914 0 9.927308082580566
v -0.22180509567260742 0.08438166230916977 10.009103775024414
v -0.20036792755126953 0.08438166230916977 9.943124771118164
v -0.23832368850708008 0 10.012809753417969
v -0.1655902862548828 0 10.065655708312988
v -0.1656813621520996 0.08438166230916977 10.04987907409668
v -0.23832368850708008 0 10.012809753417969
v -0.1656813621520996 0.08438166230916977 10.04987907409668
v -0.22180509567260742 0.08438166230916977 10.009103775024414
v -0.1655902862548828 0 10.065655708312988
v -0.09285640716552734 0 10.012811660766602
v -0.1095571517944336 0.08438166230916977 10.009102821350098
v -0.1655902862548828 0 10.065655708312988
v -0.1095571517944336 0.08438166230916977 10.009102821350098
v -0.1656813621520996 0.08438166230916977 10.04987907409668
v -0.1095571517944336 0.08438166230916977 10.009102821350098
v -0.1309947967529297 0.08438166230916977 9.94312572479248
v -0.10973978042602539 0.12476831674575806 9.913774490356445
v -0.1095571517944336 0.08438166230916977 10.009102821350098
v -0.10973978042602539 0.12476831674575806 9.913774490356445
v -0.07510948181152344 0.12476831674575806 10.020355224609375
v -0.1309947967529297 0.08438166230916977 9.94312572479248
v -0.20036792755126953 0.08438166230916977 9.943124771118164
v -0.22180509567260742 0.12476831674575806 9.913774490356445
v -0.1309947967529297 0.08438166230916977 9.94312572479248
v -0.22180509567260742 0.12476831674575806 9.913774490356445
v -0.10973978042602539 0.12476831674575806 9.913774490356445
v -0.20036792755126953 0.08438166230916977 9.943124771118164
v -0.22180509567260742 0.08438166230916977 10.009103775024414
v -0.2564353942871094 0.12476831674575806 10.020355224609375
v -0.20036792755126953 0.08438166230916977 9.943124771118164
v -0.2564353942871094 0.12476831674575806 10.020355224609375
v -0.22180509567260742 0.12476831674575806 9.913774490356445
v -0.22180509567260742 0.08438166230916977 10.009103775024414
v -0.1656813621520996 0.08438166230916977 10.04987907409668
v -0.1657724380493164 0.12476831674575806 10.086225509643555
v -0.22180509567260742 0.08438166230916977 10.009103775024414
v -0.1657724380493164 0.12476831674575806 10.086225509643555
v -0.2564353942871094 0.12476831674575806 10.020355224609375
v -0.1656813621520996 0.08438166230916977 10.04987907409668
v -0.1095571517944336 0.08438166230916977 10.009102821350098
v -0.07510948181152344 0.12476831674575806 10.020355224609375
v -0.1656813621520996 0.08438166230916977 10.04987907409668
v -0.07510948181152344 0.12476831674575806 10.020355224609375
v -0.1657724380493164 0.12476831674575806 10.086225509643555
v -0.07510948181152344 0.12476831674575806 10.020355224609375
v -0.10973978042602539 0.12476831674575806 9.913774490356445
v -0.10973978042602539 0.17468896508216858 9.913774490356445
v -0.07510948181152344 0.12476831674575806 10.020355224609375
v -0.10973978042602539 0.17468896508216858 9.913774490356445
v -0.07510948181152344 0.17468896508216858 10.020355224609375
v -0.10973978042602539 0.12476831674575806 9.913774490356445
v -0.22180509567260742 0.12476831674575806 9.913774490356445
v -0.22180509567260742 0.17468896508216858 9.913774490356445
v -0.10973978042602539 0.12476831674575806 9.913774490356445
v -0.22180509567260742 0.17468896508216858 9.913774490356445
v -0.10973978042602539 0.17468896508216858 9.913774490356445
v -0.22180509567260742 0.12476831674575806 9.913774490356445
v -0.2564353942871094 0.12476831674575806 10.020355224609375
v -0.2564353942871094 0.17468896508216858 10.020355224609375
v -0.22180509567260742 0.12476831674575806 9.913774490356445
v -0.2564353942871094 0.17468896508216858 10.020355224609375
v -0.22180509567260742 0.17468896508216858 9.913774490356445
v -0.2564353942871094 0.12476831674575806 10.020355224609375
v -0.1657724380493164 0.12476831674575806 10.086225509643555
v -0.1657724380493164 0.17468896508216858 10.086225509643555
v -0.2564353942871094 0.12476831674575806 10.020355224609375
v -0.1657724380493164 0.17468896508216858 10.086225509643555
v -0.2564353942871094 0.17468896508216858 10.020355224609375
v -0.1657724380493164 0.12476831674575806 10.086225509643555
v -0.07510948181152344 0.12476831674575806 10.020355224609375
v -0.07510948181152344 0.17468896508216858 10.020355224609375
v -0.1657724380493164 0.12476831674575806 10.086225509643555
v -0.07510948181152344 0.17468896508216858 10.020355224609375
v -0.1657724380493164 0.17468896508216858 10.086225509643555
v -0.07510948181152344 0.17468896508216858 10.020355224609375
v -0.10973978042602539 0.17468896508216858 9.913774490356445
v -0.13114261627197266 0.2150755524635315 9.943232536315918
v -0.07510948181152344 0.17468896508216858 10.020355224609375
v -0.13114261627197266 0.2150755524635315 9.943232536315918
v -0.10973978042602539 0.2150755524635315 10.009103775024414
v -0.10973978042602539 0.17468896508216858 9.913774490356445
v -0.22180509567260742 0.17468896508216858 9.913774490356445
v -0.20040273666381836 0.2150755524635315 9.943231582641602
v -0.10973978042602539 0.17468896508216858 9.913774490356445
v -0.20040273666381836 0.2150755524635315 9.943231582641602
v -0.13114261627197266 0.2150755524635315 9.943232536315918
v -0.22180509567260742 0.17468896508216858 9.913774490356445
v -0.2564353942871094 0.17468896508216858 10.020355224609375
v -0.22180509567260742 0.2150755524635315 10.009103775024414
v -0.22180509567260742 0.17468896508216858 9.913774490356445
v -0.22180509567260742 0.2150755524635315 10.009103775024414
v -0.20040273666381836 0.2150755524635315 9.943231582641602
v -0.2564353942871094 0.17468896508216858 10.020355224609375
v -0.1657724380493164 0.17468896508216858 10.086225509643555
v -0.1657724380493164 0.2150755524635315 10.049813270568848
v -0.2564353942871094 0.17468896508216858 10.020355224609375
v -0.1657724380493164 0.2150755524635315 10.049813270568848
v -0.22180509567260742 0.2150755524635315 10.009103775024414
v -0.1657724380493164 0.17468896508216858 10.086225509643555
v -0.07510948181152344 0.17468896508216858 10.020355224609375
v -0.10973978042602539 0.2150755524635315 10.009103775024414
v -0.1657724380493164 0.17468896508216858 10.086225509643555
v -0.10973978042602539 0.2150755524635315 10.009103775024414
v -0.1657724380493164 0.2150755524635315 10.049813270568848
v -0.10973978042602539 0.2150755524635315 10.009103775024414
v -0.13114261627197266 0.2150755524635315 9.943232536315918
v -0.1657724380493164 0.2305019646883011 9.990897178649902
v -0.13114261627197266 0.2150755524635315 9.943232536315918
v -0.20040273666381836 0.2150755524635315 9.943231582641602
v -0.1657724380493164 0.2305019646883011 9.990897178649902
v -0.20040273666381836 0.2150755524635315 9.943231582641602
v -0.22180509567260742 0.2150755524635315 10.009103775024414
v -0.1657724380493164 0.2305019646883011 9.990897178649902
v -0.22180509567260742 0.2150755524635315 10.009103775024414
v -0.1657724380493164 0.2150755524635315 10.049813270568848
v -0.1657724380493164 0.2305019646883011 9.990897178649902
v -0.1657724380493164 0.2150755524635315 10.049813270568848
v -0.10973978042602539 0.2150755524635315 10.009103775024414
v -0.1657724380493164 0.2305019646883011 9.990897178649902
v -0.09285640716552734 0 8.458197593688965
v -0.12063837051391602 0 8.37269401550293
v -0.1309947967529297 0.08438166230916977 8.388510704040527
v -0.09285640716552734 0 8.458197593688965
v -0.1309947967529297 0.08438166230916977 8.388510704040527
v -0.1095571517944336 0.08438166230916977 8.454488754272461
v -0.12063837051391602 0 8.37269401550293
v -0.2105417251586914 0 8.37269401550293
v -0.20036792755126953 0.08438166230916977 8.388510704040527
v -0.12063837051391602 0 8.37269401550293
v -0.20036792755126953 0.08438166230916977 8.388510704040527
v -0.1309947967529297 0.08438166230916977 8.388510704040527
v -0.2105417251586914 0 8.37269401550293
v -0.23832368850708008 0 8.458196640014648
v -0.22180509567260742 0.08438166230916977 8.454488754272461
v -0.2105417251586914 0 8.37269401550293
v -0.22180509567260742 0.08438166230916977 8.454488754272461
v -0.20036792755126953 0.08438166230916977 8.388510704040527
v -0.23832368850708008 0 8.458196640014648
v -0.1655902862548828 0 8.511041641235352
v -0.1656813621520996 0.08438166230916977 8.495264053344727
v -0.23832368850708008 0 8.458196640014648
v -0.1656813621520996 0.08438166230916977 8.495264053344727
v -0.22180509567260742 0.08438166230916977 8.454488754272461
v -0.1655902862548828 0 8.511041641235352
v -0.09285640716552734 0 8.458197593688965
v -0.1095571517944336 0.08438166230916977 8.454488754272461
v -0.1655902862548828 0 8.511041641235352
v -0.1095571517944336 0.08438166230916977 8.454488754272461
v -0.1656813621520996 0.08438166230916977 8.495264053344727
v -0.1095571517944336 0.08438166230916977 8.454488754272461
v -0.1309947967529297 0.08438166230916977 8.388510704040527
v -0.10973978042602539 0.12476831674575806 8.359159469604492
v -0.1095571517944336 0.08438166230916977 8.454488754272461
v -0.10973978042602539 0.12476831674575806 8.359159469604492
v -0.07510948181152344 0.12476831674575806 8.465740203857422
v -0.1309947967529297 0.08438166230916977 8.388510704040527
v -0.20036792755126953 0.08438166230916977 8.388510704040527
v -0.22180509567260742 0.12476831674575806 8.359159469604492
v -0.1309947967529297 0.08438166230916977 8.388510704040527
v -0.22180509567260742 0.12476831674575806 8.359159469604492
v -0.10973978042602539 0.12476831674575806 8.359159469604492
v -0.20036792755126953 0.08438166230916977 8.388510704040527
v -0.22180509567260742 0.08438166230916977 8.454488754272461
v -0.2564353942871094 0.12476831674575806 8.465740203857422
v -0.20036792755126953 0.08438166230916977 8.388510704040527
v -0.2564353942871094 0.12476831674575806 8.465740203857422
v -0.22180509567260742 0.12476831674575806 8.359159469604492
v -0.22180509567260742 0.08438166230916977 8.454488754272461
v -0.1656813621520996 0.08438166230916977 8.495264053344727
v -0.1657724380493164 0.12476831674575806 8.531611442565918
v -0.22180509567260742 0.08438166230916977 8.454488754272461
v -0.1657724380493164 0.12476831674575806 8.531611442565918
v -0.2564353942871094 0.12476831674575806 8.465740203857422
v -0.1656813621520996 0.08438166230916977 8.495264053344727
v -0.1095571517944336 0.08438166230916977 8.454488754272461
v -0.07510948181152344 0.12476831674575806 8.465740203857422
v -0.1656813621520996 0.08438166230916977 8.495264053344727
v -0.07510948181152344 0.12476831674575806 8.465740203857422
v -0.1657724380493164 0.12476831674575806 8.531611442565918
v -0.07510948181152344 0.12476831674575806 8.465740203857422
v -0.10973978042602539 0.12476831674575806 8.359159469604492
v -0.10973978042602539 0.17468896508216858 8.359159469604492
v -0.07510948181152344 0.12476831674575806 8.465740203857422
v -0.10973978042602539 0.17468896508216858 8.359159469604492
v -0.07510948181152344 0.17468896508216858 8.465740203857422
v -0.10973978042602539 0.12476831674575806 8.359159469604492
v -0.22180509567260742 0.12476831674575806 8.359159469604492
v -0.22180509567260742 0.17468896508216858 8.359159469604492
v -0.10973978042602539 0.12476831674575806 8.359159469604492
v -0.22180509567260742 0.17468896508216858 8.359159469604492
v -0.10973978042602539 0.17468896508216858 8.359159469604492
v -0.22180509567260742 0.12476831674575806 8.359159469604492
v -0.2564353942871094 0.12476831674575806 8.465740203857422
v -0.2564353942871094 0.17468896508216858 8.465740203857422
v -0.22180509567260742 0.12476831674575806 8.359159469604492
v -0.2564353942871094 0.17468896508216858 8.465740203857422
v -0.22180509567260742 0.17468896508216858 8.359159469604492
v -0.2564353942871094 0.12476831674575806 8.465740203857422
v -0.1657724380493164 0.12476831674575806 8.531611442565918
v -0.1657724380493164 0.17468896508216858 8.531611442565918
v -0.2564353942871094 0.12476831674575806 8.465740203857422
v -0.1657724380493164 0.17468896508216858 8.531611442565918
v -0.2564353942871094 0.17468896508216858 8.465740203857422
v -0.1657724380493164 0.12476831674575806 8.531611442565918
v -0.07510948181152344 0.12476831674575806 8.465740203857422
v -0.07510948181152344 0.17468896508216858 8.465740203857422
v -0.1657724380493164 0.12476831674575806 8.531611442565918
v -0.07510948181152344 0.17468896508216858 8.465740203857422
v -0.1657724380493164 0.17468896508216858 8.531611442565918
v -0.07510948181152344 0.17468896508216858 8.465740203857422
v -0.10973978042602539 0.17468896508216858 8.359159469604492
v -0.13114261627197266 0.2150755524635315 8.388618469238281
v -0.07510948181152344 0.17468896508216858 8.465740203857422
v -0.13114261627197266 0.2150755524635315 8.388618469238281
v -0.10973978042602539 0.2150755524635315 8.454486846923828
v -0.10973978042602539 0.17468896508216858 8.359159469604492
v -0.22180509567260742 0.17468896508216858 8.359159469604492
v -0.20040273666381836 0.2150755524635315 8.388618469238281
v -0.10973978042602539 0.17468896508216858 8.359159469604492
v -0.20040273666381836 0.2150755524635315 8.388618469238281
v -0.13114261627197266 0.2150755524635315 8.388618469238281
v -0.22180509567260742 0.17468896508216858 8.359159469604492
v -0.2564353942871094 0.17468896508216858 8.465740203857422
v -0.22180509567260742 0.2150755524635315 8.454488754272461
v -0.22180509567260742 0.17468896508216858 8.359159469604492
v -0.22180509567260742 0.2150755524635315 8.454488754272461
v -0.20040273666381836 0.2150755524635315 8.388618469238281
v -0.2564353942871094 0.17468896508216858 8.465740203857422
v -0.1657724380493164 0.17468896508216858 8.531611442565918
v -0.1657724380493164 0.2150755524635315 8.495199203491211
v -0.2564353942871094 0.17468896508216858 8.465740203857422
v -0.1657724380493164 0.2150755524635315 8.495199203491211
v -0.22180509567260742 0.2150755524635315 8.454488754272461
v -0.1657724380493164 0.17468896508216858 8.531611442565918
v -0.07510948181152344 0.17468896508216858 8.465740203857422
v -0.10973978042602539 0.2150755524635315 8.454486846923828
v -0.1657724380493164 0.17468896508216858 8.531611442565918
v -0.10973978042602539 0.2150755524635315 8.454486846923828
v -0.1657724380493164 0.2150755524635315 8.495199203491211
v -0.10973978042602539 0.2150755524635315 8.454486846923828
v -0.13114261627197266 0.2150755524635315 8.388618469238281
v -0.1657724380493164 0.2305019646883011 8.43628215789795
v -0.13114261627197266 0.2150755524635315 8.388618469238281
v -0.20040273666381836 0.2150755524635315 8.388618469238281
v -0.1657724380493164 0.2305019646883011 8.43628215789795
v -0.20040273666381836 0.2150755524635315 8.388618469238281
v -0.22180509567260742 0.2150755524635315 8.454488754272461
v -0.1657724380493164 0.2305019646883011 8.43628215789795
v -0.22180509567260742 0.2150755524635315 8.454488754272461
v -0.1657724380493164 0.2150755524635315 8.495199203491211
v -0.1657724380493164 0.2305019646883011 8.43628215789795
v -0.1657724380493164 0.2150755524635315 8.495199203491211
v -0.10973978042602539 0.2150755524635315 8.454486846923828
v -0.1657724380493164 0.2305019646883011 8.43628215789795
v 0.17901229858398438 -4.5070624351501465 9.921810150146484
v 0.026782512664794922 -4.5070624351501465 10.015922546386719
v 0.026782512664794922 0.010190106928348541 10.015922546386719
v 0.17901229858398438 -4.5070624351501465 9.921810150146484
v 0.026782512664794922 0.010190106928348541 10.015922546386719
v 0.17901229858398438 0.010190106928348541 9.921810150146484
v 0.026782512664794922 -4.5070624351501465 10.015922546386719
v 0.1844015121459961 -4.5070624351501465 10.100701332092285
v 0.1844015121459961 0.010190106928348541 10.100701332092285
v 0.026782512664794922 -4.5070624351501465 10.015922546386719
v 0.1844015121459961 0.010190106928348541 10.100701332092285
v 0.026782512664794922 0.010190106928348541 10.015922546386719
v 0.1844015121459961 -4.5070624351501465 10.100701332092285
v 0.17901229858398438 -4.5070624351501465 9.921810150146484
v 0.17901229858398438 0.010190106928348541 9.921810150146484
v 0.1844015121459961 -4.5070624351501465 10.100701332092285
v 0.17901229858398438 0.010190106928348541 9.921810150146484
v 0.1844015121459961 0.010190106928348541 10.100701332092285
v 0.17901229858398438 0.010190106928348541 9.921810150146484
v 0.026782512664794922 0.010190106928348541 10.015922546386719
v -0.002337932586669922 0.024240143597126007 10.015922546386719
v 0.17901229858398438 0.010190106928348541 9.921810150146484
v -0.002337932586669922 0.024240143597126007 10.015922546386719
v 0.11814547330141068 0.11728675663471222 9.921810150146484
v 0.026782512664794922 0.010190106928348541 10.015922546386719
v 0.1844015121459961 0.010190106928348541 10.100701332092285
v 0.12241029739379883 0.12058067321777344 10.100702285766602
v 0.026782512664794922 0.010190106928348541 10.015922546386719
v 0.12241029739379883 0.12058067321777344 10.100702285766602
v -0.002337932586669922 0.024240143597126007 10.015922546386719
v 0.1844015121459961 0.010190106928348541 10.100701332092285
v 0.17901229858398438 0.010190106928348541 9.921810150146484
v 0.11814547330141068 0.11728675663471222 9.921810150146484
v 0.1844015121459961 0.010190106928348541 10.100701332092285
v 0.11814547330141068 0.11728675663471222 9.921810150146484
v 0.12241029739379883 0.12058067321777344 10.100702285766602
v 0.11814547330141068 0.11728675663471222 9.921810150146484
v -0.002337932586669922 0.024240143597126007 10.015922546386719
v -0.25766801834106445 0.024240143597126007 10.015922546386719
v 0.11814547330141068 0.11728675663471222 9.921810150146484
v -0.25766801834106445 0.024240143597126007 10.015922546386719
v -0.25766801834106445 0.11728675663471222 9.921810150146484
v -0.002337932586669922 0.024240143597126007 10.015922546386719
v 0.12241029739379883 0.12058067321777344 10.100702285766602
v -0.25766801834106445 0.12058067321777344 10.100702285766602
v -0.002337932586669922 0.024240143597126007 10.015922546386719
v -0.25766801834106445 0.12058067321777344 10.100702285766602
v -0.25766801834106445 0.024240143597126007 10.015922546386719
v 0.12241029739379883 0.12058067321777344 10.100702285766602
v 0.11814547330141068 0.11728675663471222 9.921810150146484
v -0.25766801834106445 0.11728675663471222 9.921810150146484
v 0.12241029739379883 0.12058067321777344 10.100702285766602
v -0.25766801834106445 0.11728675663471222 9.921810150146484
v -0.25766801834106445 0.12058067321777344 10.100702285766602
v 0.17901229858398438 -4.5070624351501465 8.363487243652344
v 0.026782512664794922 -4.5070624351501465 8.457599639892578
v 0.026782512664794922 0.010190106928348541 8.457599639892578
v 0.17901229858398438 -4.5070624351501465 8.363487243652344
v 0.026782512664794922 0.010190106928348541 8.457599639892578
v 0.17901229858398438 0.010190106928348541 8.363487243652344
v 0.026782512664794922 -4.5070624351501465 8.457599639892578
v 0.1844015121459961 -4.5070624351501465 8.542378425598145
v 0.1844015121459961 0.010190106928348541 8.542378425598145
v 0.026782512664794922 -4.5070624351501465 8.457599639892578
v 0.1844015121459961 0.010190106928348541 8.542378425598145
v 0.026782512664794922 0.010190106928348541 8.457599639892578
v 0.1844015121459961 -4.5070624351501465 8.542378425598145
v 0.17901229858398438 -4.5070624351501465 8.363487243652344
v 0.17901229858398438 0.010190106928348541 8.363487243652344
v 0.1844015121459961 -4.5070624351501465 8.542378425598145
v 0.17901229858398438 0.010190106928348541 8.363487243652344
v 0.1844015121459961 0.010190106928348541 8.542378425598145
v 0.17901229858398438 0.010190106928348541 8.363487243652344
v 0.026782512664794922 0.010190106928348541 8.457599639892578
v -0.002337932586669922 0.024240143597126007 8.457599639892578
v 0.17901229858398438 0.010190106928348541 8.363487243652344
v -0.002337932586669922 0.024240143597126007 8.457599639892578
v 0.11814547330141068 0.11728675663471222 8.363487243652344
v 0.026782512664794922 0.010190106928348541 8.457599639892578
v 0.1844015121459961 0.010190106928348541 8.542378425598145
v 0.12241029739379883 0.12058067321777344 8.542379379272461
v 0.026782512664794922 0.010190106928348541 8.457599639892578
v 0.12241029739379883 0.12058067321777344 8.542379379272461
v -0.002337932586669922 0.024240143597126007 8.457599639892578
v 0.1844015121459961 0.010190106928348541 8.542378425598145
v 0.17901229858398438 0.010190106928348541 8.363487243652344
v 0.11814547330141068 0.11728675663471222 8.363487243652344
v 0.1844015121459961 0.010190106928348541 8.542378425598145
v 0.11814547330141068 0.11728675663471222 8.363487243652344
v 0.12241029739379883 0.12058067321777344 8.542379379272461
v 0.11814547330141068 0.11728675663471222 8.363487243652344
v -0.002337932586669922 0.024240143597126007 8.457599639892578
v -0.25766801834106445 0.024240143597126007 8.457599639892578
v 0.11814547330141068 0.11728675663471222 8.363487243652344
v -0.25766801834106445 0.024240143597126007 8.457599639892578
v -0.25766801834106445 0.11728675663471222 8.363487243652344
v -0.002337932586669922 0.024240143597126007 8.457599639892578
v 0.12241029739379883 0.12058067321777344 8.542379379272461
v -0.25766801834106445 0.12058067321777344 8.542379379272461
v -0.002337932586669922 0.024240143597126007 8.457599639892578
v -0.25766801834106445 0.12058067321777344 8.542379379272461
v -0.25766801834106445 0.024240143597126007 8.457599639892578
v 0.12241029739379883 0.12058067321777344 8.542379379272461
v 0.11814547330141068 0.11728675663471222 8.363487243652344
v -0.25766801834106445 0.11728675663471222 8.363487243652344
v 0.12241029739379883 0.12058067321777344 8.542379379272461
v -0.25766801834106445 0.11728675663471222 8.363487243652344
v -0.25766801834106445 0.12058067321777344 8.542379379272461
v 0.06698369979858398 -0.020093344151973724 10.173601150512695
v 0.23959064483642578 -0.10890956223011017 10.173601150512695
v 0.19955825805664062 -0.21521028876304626 9.091999053955078
v 0.06698369979858398 -0.020093344151973724 10.173601150512695
v 0.19955825805664062 -0.21521028876304626 9.091999053955078
v 0.026951313018798828 -0.12639406323432922 9.091999053955078
v 0.19955825805664062 -0.21521028876304626 9.091999053955078
v 0.23959064483642578 -0.10890956223011017 10.173601150512695
v 0.0984196662902832 -0.21019431948661804 10.173601150512695
v 0.19955825805664062 -0.21521028876304626 9.091999053955078
v 0.0984196662902832 -0.21019431948661804 10.173601150512695
v 0.05838727951049805 -0.31649506092071533 9.091999053955078
v 0.0984196662902832 -0.21019431948661804 10.173601150512695
v 0.06698369979858398 -0.020093344151973724 10.173601150512695
v 0.026951313018798828 -0.12639406323432922 9.091999053955078
v 0.0984196662902832 -0.21019431948661804 10.173601150512695
v 0.026951313018798828 -0.12639406323432922 9.091999053955078
v 0.05838727951049805 -0.31649506092071533 9.091999053955078
v 0.026951313018798828 -0.12639406323432922 9.091999053955078
v 0.19955825805664062 -0.21521028876304626 9.091999053955078
v 0.23959064483642578 -0.10890956223011017 8.280084609985352
v 0.026951313018798828 -0.12639406323432922 9.091999053955078
v 0.23959064483642578 -0.10890956223011017 8.280084609985352
v 0.06698369979858398 -0.020093344151973724 8.280084609985352
v 0.05838727951049805 -0.31649506092071533 9.091999053955078
v 0.026951313018798828 -0.12639406323432922 9.091999053955078
v 0.06698369979858398 -0.020093344151973724 8.280084609985352
v 0.05838727951049805 -0.31649506092071533 9.091999053955078
v 0.06698369979858398 -0.020093344151973724 8.280084609985352
v 0.0984196662902832 -0.21019431948661804 8.280084609985352
v 0.19955825805664062 -0.21521028876304626 9.091999053955078
v 0.05838727951049805 -0.31649506092071533 9.091999053955078
v 0.0984196662902832 -0.21019431948661804 8.280084609985352
v 0.19955825805664062 -0.21521028876304626 9.091999053955078
v 0.0984196662902832 -0.21019431948661804 8.280084609985352
v 0.23959064483642578 -0.10890956223011017 8.280084609985352
v 0.23959064483642578 -0.10890956223011017 10.173601150512695
v 0.06698369979858398 -0.020093344151973724 10.173601150512695
v 0.0984196662902832 -0.21019431948661804 10.173601150512695
v 0.23959064483642578 -0.10890956223011017 8.280084609985352
v 0.0984196662902832 -0.21019431948661804 8.280084609985352
v 0.06698369979858398 -0.020093344151973724 8.280084609985352
v 0.06698369979858398 -0.8295950889587402 10.173601150512695
v 0.23959064483642578 -0.9184113144874573 10.173601150512695
v 0.19955825805664062 -1.024712085723877 9.272708892822266
v 0.06698369979858398 -0.8295950889587402 10.173601150512695
v 0.19955825805664062 -1.024712085723877 9.272708892822266
v 0.026951313018798828 -0.9358958005905151 9.272708892822266
v 0.19955825805664062 -1.024712085723877 9.272708892822266
v 0.23959064483642578 -0.9184113144874573 10.173601150512695
v 0.0984196662902832 -1.0196959972381592 10.173601150512695
v 0.19955825805664062 -1.024712085723877 9.272708892822266
v 0.0984196662902832 -1.0196959972381592 10.173601150512695
v 0.05838727951049805 -1.1259968280792236 9.272708892822266
v 0.0984196662902832 -1.0196959972381592 10.173601150512695
v 0.06698369979858398 -0.8295950889587402 10.173601150512695
v 0.026951313018798828 -0.9358958005905151 9.272708892822266
v 0.0984196662902832 -1.0196959972381592 10.173601150512695
v 0.026951313018798828 -0.9358958005905151 9.272708892822266
v 0.05838727951049805 -1.1259968280792236 9.272708892822266
v 0.026951313018798828 -0.9358958005905151 9.272708892822266
v 0.19955825805664062 -1.024712085723877 9.272708892822266
v 0.23959064483642578 -0.9184113144874573 8.280084609985352
v 0.026951313018798828 -0.9358958005905151 9.272708892822266
v 0.23959064483642578 -0.9184113144874573 8.280084609985352
v 0.06698369979858398 -0.8295950889587402 8.280084609985352
v 0.05838727951049805 -1.1259968280792236 9.272708892822266
v 0.026951313018798828 -0.9358958005905151 9.272708892822266
v 0.06698369979858398 -0.8295950889587402 8.280084609985352
v 0.05838727951049805 -1.1259968280792236 9.272708892822266
v 0.06698369979858398 -0.8295950889587402 8.280084609985352
v 0.0984196662902832 -1.0196959972381592 8.280084609985352
v 0.19955825805664062 -1.024712085723877 9.272708892822266
v 0.05838727951049805 -1.1259968280792236 9.272708892822266
v 0.0984196662902832 -1.0196959972381592 8.280084609985352
v 0.19955825805664062 -1.024712085723877 9.272708892822266
v 0.0984196662902832 -1.0196959972381592 8.280084609985352
v 0.23959064483642578 -0.9184113144874573 8.280084609985352
v 0.23959064483642578 -0.9184113144874573 10.173601150512695
v 0.06698369979858398 -0.8295950889587402 10.173601150512695
v 0.0984196662902832 -1.0196959972381592 10.173601150512695
v 0.23959064483642578 -0.9184113144874573 8.280084609985352
v 0.0984196662902832 -1.0196959972381592 8.280084609985352
v 0.06698369979858398 -0.8295950889587402 8.280084609985352
v 0.06698369979858398 -1.8295950889587402 10.173601150512695
v 0.23959064483642578 -1.9184112548828125 10.173601150512695
v 0.19955825805664062 -2.024712085723877 9.108427047729492
v 0.06698369979858398 -1.8295950889587402 10.173601150512695
v 0.19955825805664062 -2.024712085723877 9.108427047729492
v 0.026951313018798828 -1.9358958005905151 9.108427047729492
v 0.19955825805664062 -2.024712085723877 9.108427047729492
v 0.23959064483642578 -1.9184112548828125 10.173601150512695
v 0.0984196662902832 -2.019695997238159 10.173601150512695
v 0.19955825805664062 -2.024712085723877 9.108427047729492
v 0.0984196662902832 -2.019695997238159 10.173601150512695
v 0.05838727951049805 -2.1259968280792236 9.108427047729492
v 0.0984196662902832 -2.019695997238159 10.173601150512695
v 0.06698369979858398 -1.8295950889587402 10.173601150512695
v 0.026951313018798828 -1.9358958005905151 9.108427047729492
v 0.0984196662902832 -2.019695997238159 10.173601150512695
v 0.026951313018798828 -1.9358958005905151 9.108427047729492
v 0.05838727951049805 -2.1259968280792236 9.108427047729492
v 0.026951313018798828 -1.9358958005905151 9.108427047729492
v 0.19955825805664062 -2.024712085723877 9.108427047729492
v 0.23959064483642578 -1.9184112548828125 8.280084609985352
v 0.026951313018798828 -1.9358958005905151 9.108427047729492
v 0.23959064483642578 -1.9184112548828125 8.280084609985352
v 0.06698369979858398 -1.8295950889587402 8.280084609985352
v 0.05838727951049805 -2.1259968280792236 9.108427047729492
v 0.026951313018798828 -1.9358958005905151 9.108427047729492
v 0.06698369979858398 -1.8295950889587402 8.280084609985352
v 0.05838727951049805 -2.1259968280792236 9.108427047729492
v 0.06698369979858398 -1.8295950889587402 8.280084609985352
v 0.0984196662902832 -2.019695997238159 8.280084609985352
v 0.19955825805664062 -2.024712085723877 9.108427047729492
v 0.05838727951049805 -2.1259968280792236 9.108427047729492
v 0.0984196662902832 -2.019695997238159 8.280084609985352
v 0.19955825805664062 -2.024712085723877 9.108427047729492
v 0.0984196662902832 -2.019695997238159 8.280084609985352
v 0.23959064483642578 -1.9184112548828125 8.280084609985352
v 0.23959064483642578 -1.9184112548828125 10.173601150512695
v 0.06698369979858398 -1.8295950889587402 10.173601150512695
v 0.0984196662902832 -2.019695997238159 10.173601150512695
v 0.23959064483642578 -1.9184112548828125 8.280084609985352
v 0.0984196662902832 -2.019695997238159 8.280084609985352
v 0.06698369979858398 -1.8295950889587402 8.280084609985352
v 0.06698369979858398 -2.8295950889587402 10.173601150512695
v 0.23959064483642578 -2.9184114933013916 10.173601150512695
v 0.19955825805664062 -3.024712085723877 9.20699691772461
v 0.06698369979858398 -2.8295950889587402 10.173601150512695
v 0.19955825805664062 -3.024712085723877 9.20699691772461
v 0.026951313018798828 -2.9358959197998047 9.20699691772461
v 0.19955825805664062 -3.024712085723877 9.20699691772461
v 0.23959064483642578 -2.9184114933013916 10.173601150512695
v 0.0984196662902832 -3.0196962356567383 10.173601150512695
v 0.19955825805664062 -3.024712085723877 9.20699691772461
v 0.0984196662902832 -3.0196962356567383 10.173601150512695
v 0.05838727951049805 -3.1259968280792236 9.20699691772461
v 0.0984196662902832 -3.0196962356567383 10.173601150512695
v 0.06698369979858398 -2.8295950889587402 10.173601150512695
v 0.026951313018798828 -2.9358959197998047 9.20699691772461
v 0.0984196662902832 -3.0196962356567383 10.173601150512695
v 0.026951313018798828 -2.9358959197998047 9.20699691772461
v 0.05838727951049805 -3.1259968280792236 9.20699691772461
v 0.026951313018798828 -2.9358959197998047 9.20699691772461
v 0.19955825805664062 -3.024712085723877 9.20699691772461
v 0.23959064483642578 -2.9184114933013916 8.280084609985352
v 0.026951313018798828 -2.9358959197998047 9.20699691772461
v 0.23959064483642578 -2.9184114933013916 8.280084609985352
v 0.06698369979858398 -2.8295950889587402 8.280084609985352
v 0.05838727951049805 -3.1259968280792236 9.20699691772461
v 0.026951313018798828 -2.9358959197998047 9.20699691772461
v 0.06698369979858398 -2.8295950889587402 8.280084609985352
v 0.05838727951049805 -3.1259968280792236 9.20699691772461
v 0.06698369979858398 -2.8295950889587402 8.280084609985352
v 0.0984196662902832 -3.0196962356567383 8.280084609985352
v 0.19955825805664062 -3.024712085723877 9.20699691772461
v 0.05838727951049805 -3.1259968280792236 9.20699691772461
v 0.0984196662902832 -3.0196962356567383 8.280084609985352
v 0.19955825805664062 -3.024712085723877 9.20699691772461
v 0.0984196662902832 -3.0196962356567383 8.280084609985352
v 0.23959064483642578 -2.9184114933013916 8.280084609985352
v 0.23959064483642578 -2.9184114933013916 10.173601150512695
v 0.06698369979858398 -2.8295950889587402 10.173601150512695
v 0.0984196662902832 -3.0196962356567383 10.173601150512695
v 0.23959064483642578 -2.9184114933013916 8.280084609985352
v 0.0984196662902832 -3.0196962356567383 8.280084609985352
v 0.06698369979858398 -2.8295950889587402 8.280084609985352
v 0.06698369979858398 -3.8295950889587402 10.173601150512695
v 0.23959064483642578 -3.9184114933013916 10.173601150512695
v 0.19955825805664062 -4.024712085723877 9.05914306640625
v 0.06698369979858398 -3.8295950889587402 10.173601150512695
v 0.19955825805664062 -4.024712085723877 9.05914306640625
v 0.026951313018798828 -3.9358959197998047 9.05914306640625
v 0.19955825805664062 -4.024712085723877 9.05914306640625
v 0.23959064483642578 -3.9184114933013916 10.173601150512695
v 0.0984196662902832 -4.019696235656738 10.173601150512695
v 0.19955825805664062 -4.024712085723877 9.05914306640625
v 0.0984196662902832 -4.019696235656738 10.173601150512695
v 0.05838727951049805 -4.125997066497803 9.05914306640625
v 0.0984196662902832 -4.019696235656738 10.173601150512695
v 0.06698369979858398 -3.8295950889587402 10.173601150512695
v 0.026951313018798828 -3.9358959197998047 9.05914306640625
v 0.0984196662902832 -4.019696235656738 10.173601150512695
v 0.026951313018798828 -3.9358959197998047 9.05914306640625
v 0.05838727951049805 -4.125997066497803 9.05914306640625
v 0.026951313018798828 -3.9358959197998047 9.05914306640625
v 0.19955825805664062 -4.024712085723877 9.05914306640625
v 0.23959064483642578 -3.9184114933013916 8.280084609985352
v 0.026951313018798828 -3.9358959197998047 9.05914306640625
v 0.23959064483642578 -3.9184114933013916 8.280084609985352
v 0.06698369979858398 -3.8295950889587402 8.280084609985352
v 0.05838727951049805 -4.125997066497803 9.05914306640625
v 0.026951313018798828 -3.9358959197998047 9.05914306640625
v 0.06698369979858398 -3.8295950889587402 8.280084609985352
v 0.05838727951049805 -4.125997066497803 9.05914306640625
v 0.06698369979858398 -3.8295950889587402 8.280084609985352
v 0.0984196662902832 -4.019696235656738 8.280084609985352
v 0.19955825805664062 -4.024712085723877 9.05914306640625
v 0.05838727951049805 -4.125997066497803 9.05914306640625
v 0.0984196662902832 -4.019696235656738 8.280084609985352
v 0.19955825805664062 -4.024712085723877 9.05914306640625
v 0.0984196662902832 -4.019696235656738 8.280084609985352
v 0.23959064483642578 -3.9184114933013916 8.280084609985352
v 0.23959064483642578 -3.9184114933013916 10.173601150512695
v 0.06698369979858398 -3.8295950889587402 10.173601150512695
v 0.0984196662902832 -4.019696235656738 10.173601150512695
v 0.23959064483642578 -3.9184114933013916 8.280084609985352
v 0.0984196662902832 -4.019696235656738 8.280084609985352
v 0.06698369979858398 -3.8295950889587402 8.280084609985352
v -9.31338882446289 0 7.310182571411133
v -9.407979011535645 0 7.019064903259277
v -9.443239212036133 1.5632506608963013 7.07291841506958
v -9.31338882446289 0 7.310182571411133
v -9.443239212036133 1.5632506608963013 7.07291841506958
v -9.370250701904297 1.5632506608963013 7.297555923461914
v -9.407979011535645 0 7.019064903259277
v -9.714077949523926 0 7.019064903259277
v -9.679438591003418 1.5632506608963013 7.072917938232422
v -9.407979011535645 0 7.019064903259277
v -9.679438591003418 1.5632506608963013 7.072917938232422
v -9.443239212036133 1.5632506608963013 7.07291841506958
v -9.714077949523926 0 7.019064903259277
v -9.808669090270996 0 7.310182571411133
v -9.752427101135254 1.5632506608963013 7.297555923461914
v -9.714077949523926 0 7.019064903259277
v -9.752427101135254 1.5632506608963013 7.297555923461914
v -9.679438591003418 1.5632506608963013 7.072917938232422
v -9.808669090270996 0 7.310182571411133
v -9.561028480529785 0 7.490103721618652
v -9.561339378356934 1.5632506608963013 7.436389923095703
v -9.808669090270996 0 7.310182571411133
v -9.561339378356934 1.5632506608963013 7.436389923095703
v -9.752427101135254 1.5632506608963013 7.297555923461914
v -9.561028480529785 0 7.490103721618652
v -9.31338882446289 0 7.310182571411133
v -9.370250701904297 1.5632506608963013 7.297555923461914
v -9.561028480529785 0 7.490103721618652
v -9.370250701904297 1.5632506608963013 7.297555923461914
v -9.561339378356934 1.5632506608963013 7.436389923095703
v -9.370250701904297 1.5632506608963013 7.297555923461914
v -9.443239212036133 1.5632506608963013 7.07291841506958
v -9.370871543884277 1.710108995437622 6.97298526763916
v -9.370250701904297 1.5632506608963013 7.297555923461914
v -9.370871543884277 1.710108995437622 6.97298526763916
v -9.25296401977539 1.710108995437622 7.335866451263428
v -9.443239212036133 1.5632506608963013 7.07291841506958
v -9.679438591003418 1.5632506608963013 7.072917938232422
v -9.752427101135254 1.710108995437622 6.97298526763916
v -9.443239212036133 1.5632506608963013 7.07291841506958
v -9.752427101135254 1.710108995437622 6.97298526763916
v -9.370871543884277 1.710108995437622 6.97298526763916
v -9.679438591003418 1.5632506608963013 7.072917938232422
v -9.752427101135254 1.5632506608963013 7.297555923461914
v -9.87033462524414 1.710108995437622 7.335866451263428
v -9.679438591003418 1.5632506608963013 7.072917938232422
v -9.87033462524414 1.710108995437622 7.335866451263428
v -9.752427101135254 1.710108995437622 6.97298526763916
v -9.752427101135254 1.5632506608963013 7.297555923461914
v -9.561339378356934 1.5632506608963013 7.436389923095703
v -9.561649322509766 1.710108995437622 7.560139179229736
v -9.752427101135254 1.5632506608963013 7.297555923461914
v -9.561649322509766 1.710108995437622 7.560139179229736
v -9.87033462524414 1.710108995437622 7.335866451263428
v -9.561339378356934 1.5632506608963013 7.436389923095703
v -9.370250701904297 1.5632506608963013 7.297555923461914
v -9.25296401977539 1.710108995437622 7.335866451263428
v -9.561339378356934 1.5632506608963013 7.436389923095703
v -9.25296401977539 1.710108995437622 7.335866451263428
v -9.561649322509766 1.710108995437622 7.560139179229736
v -9.25296401977539 1.710108995437622 7.335866451263428
v -9.370871543884277 1.710108995437622 6.97298526763916
v -9.370871543884277 1.8916360139846802 6.97298526763916
v -9.25296401977539 1.710108995437622 7.335866451263428
v -9.370871543884277 1.8916360139846802 6.97298526763916
v -9.25296401977539 1.8916360139846802 7.335866451263428
v -9.370871543884277 1.710108995437622 6.97298526763916
v -9.752427101135254 1.710108995437622 6.97298526763916
v -9.752427101135254 1.8916360139846802 6.97298526763916
v -9.370871543884277 1.710108995437622 6.97298526763916
v -9.752427101135254 1.8916360139846802 6.97298526763916
v -9.370871543884277 1.8916360139846802 6.97298526763916
v -9.752427101135254 1.710108995437622 6.97298526763916
v -9.87033462524414 1.710108995437622 7.335866451263428
v -9.87033462524414 1.8916360139846802 7.335866451263428
v -9.752427101135254 1.710108995437622 6.97298526763916
v -9.87033462524414 1.8916360139846802 7.335866451263428
v -9.752427101135254 1.8916360139846802 6.97298526763916
v -9.87033462524414 1.710108995437622 7.335866451263428
v -9.561649322509766 1.710108995437622 7.560139179229736
v -9.561649322509766 1.8916360139846802 7.560139179229736
v -9.87033462524414 1.710108995437622 7.335866451263428
v -9.561649322509766 1.8916360139846802 7.560139179229736
v -9.87033462524414 1.8916360139846802 7.335866451263428
v -9.561649322509766 1.710108995437622 7.560139179229736
v -9.25296401977539 1.710108995437622 7.335866451263428
v -9.25296401977539 1.8916360139846802 7.335866451263428
v -9.561649322509766 1.710108995437622 7.560139179229736
v -9.25296401977539 1.8916360139846802 7.335866451263428
v -9.561649322509766 1.8916360139846802 7.560139179229736
v -9.25296401977539 1.8916360139846802 7.335866451263428
v -9.370871543884277 1.8916360139846802 6.97298526763916
v -9.443742752075195 2.038494110107422 7.0732831954956055
v -9.25296401977539 1.8916360139846802 7.335866451263428
v -9.443742752075195 2.038494110107422 7.0732831954956055
v -9.370871543884277 2.038494110107422 7.297555923461914
v -9.370871543884277 1.8916360139846802 6.97298526763916
v -9.752427101135254 1.8916360139846802 6.97298526763916
v -9.679556846618652 2.038494110107422 7.0732831954956055
v -9.370871543884277 1.8916360139846802 6.97298526763916
v -9.679556846618652 2.038494110107422 7.0732831954956055
v -9.443742752075195 2.038494110107422 7.0732831954956055
v -9.752427101135254 1.8916360139846802 6.97298526763916
v -9.87033462524414 1.8916360139846802 7.335866451263428
v -9.752427101135254 2.038494110107422 7.297555923461914
v -9.752427101135254 1.8916360139846802 6.97298526763916
v -9.752427101135254 2.038494110107422 7.297555923461914
v -9.679556846618652 2.038494110107422 7.0732831954956055
v -9.87033462524414 1.8916360139846802 7.335866451263428
v -9.561649322509766 1.8916360139846802 7.560139179229736
v -9.561649322509766 2.038494110107422 7.436164379119873
v -9.87033462524414 1.8916360139846802 7.335866451263428
v -9.561649322509766 2.038494110107422 7.436164379119873
v -9.752427101135254 2.038494110107422 7.297555923461914
v -9.561649322509766 1.8916360139846802 7.560139179229736
v -9.25296401977539 1.8916360139846802 7.335866451263428
v -9.370871543884277 2.038494110107422 7.297555923461914
v -9.561649322509766 1.8916360139846802 7.560139179229736
v -9.370871543884277 2.038494110107422 7.297555923461914
v -9.561649322509766 2.038494110107422 7.436164379119873
v -9.370871543884277 2.038494110107422 7.297555923461914
v -9.443742752075195 2.038494110107422 7.0732831954956055
v -9.561649322509766 2.0945892333984375 7.235569000244141
v -9.443742752075195 2.038494110107422 7.0732831954956055
v -9.679556846618652 2.038494110107422 7.0732831954956055
v -9.561649322509766 2.0945892333984375 7.235569000244141
v -9.679556846618652 2.038494110107422 7.0732831954956055
v -9.752427101135254 2.038494110107422 7.297555923461914
v -9.561649322509766 2.0945892333984375 7.235569000244141
v -9.752427101135254 2.038494110107422 7.297555923461914
v -9.561649322509766 2.038494110107422 7.436164379119873
v -9.561649322509766 2.0945892333984375 7.235569000244141
v -9.561649322509766 2.038494110107422 7.436164379119873
v -9.370871543884277 2.038494110107422 7.297555923461914
v -9.561649322509766 2.0945892333984375 7.235569000244141
v -9.472949028015137 1.6144616603851318 7.349972724914551
v -9.650348663330078 1.6144616603851318 7.349972724914551
v -9.650348663330078 1.283056378364563 8.743841171264648
v -9.472949028015137 1.6144616603851318 7.349972724914551
v -9.650348663330078 1.283056378364563 8.743841171264648
v -9.472949981689453 1.283056378364563 8.743841171264648
v -9.650348663330078 1.6144616603851318 7.349972724914551
v -9.561649322509766 1.4608289003372192 7.349972724914551
v -9.561647415161133 1.1294236183166504 8.743841171264648
v -9.650348663330078 1.6144616603851318 7.349972724914551
v -9.561647415161133 1.1294236183166504 8.743841171264648
v -9.650348663330078 1.283056378364563 8.743841171264648
v -9.561649322509766 1.4608289003372192 7.349972724914551
v -9.472949028015137 1.6144616603851318 7.349972724914551
v -9.472949981689453 1.283056378364563 8.743841171264648
v -9.561649322509766 1.4608289003372192 7.349972724914551
v -9.472949981689453 1.283056378364563 8.743841171264648
v -9.561647415161133 1.1294236183166504 8.743841171264648
v -9.472949028015137 1.283056378364563 10.137710571289062
v -9.650348663330078 1.283056378364563 10.137710571289062
v -9.650348663330078 1.6144616603851318 11.531579971313477
v -9.472949028015137 1.283056378364563 10.137710571289062
v -9.650348663330078 1.6144616603851318 11.531579971313477
v -9.472949981689453 1.6144616603851318 11.531579971313477
v -9.561649322509766 1.1294236183166504 10.137710571289062
v -9.472949028015137 1.283056378364563 10.137710571289062
v -9.472949981689453 1.6144616603851318 11.531579971313477
v -9.561649322509766 1.1294236183166504 10.137710571289062
v -9.472949981689453 1.6144616603851318 11.531579971313477
v -9.561649322509766 1.4608289003372192 11.531579971313477
v -9.650348663330078 1.283056378364563 10.137710571289062
v -9.561649322509766 1.1294236183166504 10.137710571289062
v -9.561649322509766 1.4608289003372192 11.531579971313477
v -9.650348663330078 1.283056378364563 10.137710571289062
v -9.561649322509766 1.4608289003372192 11.531579971313477
v -9.650348663330078 1.6144616603851318 11.531579971313477
v -9.472949981689453 1.283056378364563 8.743841171264648
v -9.650348663330078 1.283056378364563 8.743841171264648
v -9.650348663330078 1.283056378364563 10.137710571289062
v -9.472949981689453 1.283056378364563 8.743841171264648
v -9.650348663330078 1.283056378364563 10.137710571289062
v -9.472949028015137 1.283056378364563 10.137710571289062
v -9.561647415161133 1.1294236183166504 8.743841171264648
v -9.472949981689453 1.283056378364563 8.743841171264648
v -9.472949028015137 1.283056378364563 10.137710571289062
v -9.561647415161133 1.1294236183166504 8.743841171264648
v -9.472949028015137 1.283056378364563 10.137710571289062
v -9.561649322509766 1.1294236183166504 10.137710571289062
v -9.650348663330078 1.283056378364563 8.743841171264648
v -9.561647415161133 1.1294236183166504 8.743841171264648
v -9.561649322509766 1.1294236183166504 10.137710571289062
v -9.650348663330078 1.283056378364563 8.743841171264648
v -9.561649322509766 1.1294236183166504 10.137710571289062
v -9.650348663330078 1.283056378364563 10.137710571289062
v -9.313387870788574 0 11.728997230529785
v -9.407978057861328 0 11.43787956237793
v -9.44324016571045 1.5632506608963013 11.491732597351074
v -9.313387870788574 0 11.728997230529785
v -9.44324016571045 1.5632506608963013 11.491732597351074
v -9.370250701904297 1.5632506608963013 11.71636962890625
v -9.407978057861328 0 11.43787956237793
v -9.71407699584961 0 11.43787956237793
v -9.679438591003418 1.5632506608963013 11.491732597351074
v -9.407978057861328 0 11.43787956237793
v -9.679438591003418 1.5632506608963013 11.491732597351074
v -9.44324016571045 1.5632506608963013 11.491732597351074
v -9.71407699584961 0 11.43787956237793
v -9.808669090270996 0 11.728997230529785
v -9.75242805480957 1.5632506608963013 11.71636962890625
v -9.71407699584961 0 11.43787956237793
v -9.75242805480957 1.5632506608963013 11.71636962890625
v -9.679438591003418 1.5632506608963013 11.491732597351074
v -9.808669090270996 0 11.728997230529785
v -9.561028480529785 0 11.908917427062988
v -9.561338424682617 1.5632506608963013 11.855203628540039
v -9.808669090270996 0 11.728997230529785
v -9.561338424682617 1.5632506608963013 11.855203628540039
v -9.75242805480957 1.5632506608963013 11.71636962890625
v -9.561028480529785 0 11.908917427062988
v -9.313387870788574 0 11.728997230529785
v -9.370250701904297 1.5632506608963013 11.71636962890625
v -9.561028480529785 0 11.908917427062988
v -9.370250701904297 1.5632506608963013 11.71636962890625
v -9.561338424682617 1.5632506608963013 11.855203628540039
v -9.370250701904297 1.5632506608963013 11.71636962890625
v -9.44324016571045 1.5632506608963013 11.491732597351074
v -9.370870590209961 1.710108995437622 11.391799926757812
v -9.370250701904297 1.5632506608963013 11.71636962890625
v -9.370870590209961 1.710108995437622 11.391799926757812
v -9.25296401977539 1.710108995437622 11.754680633544922
v -9.44324016571045 1.5632506608963013 11.491732597351074
v -9.679438591003418 1.5632506608963013 11.491732597351074
v -9.752426147460938 1.710108995437622 11.391799926757812
v -9.44324016571045 1.5632506608963013 11.491732597351074
v -9.752426147460938 1.710108995437622 11.391799926757812
v -9.370870590209961 1.710108995437622 11.391799926757812
v -9.679438591003418 1.5632506608963013 11.491732597351074
v -9.75242805480957 1.5632506608963013 11.71636962890625
v -9.87033462524414 1.710108995437622 11.754680633544922
v -9.679438591003418 1.5632506608963013 11.491732597351074
v -9.87033462524414 1.710108995437622 11.754680633544922
v -9.752426147460938 1.710108995437622 11.391799926757812
v -9.75242805480957 1.5632506608963013 11.71636962890625
v -9.561338424682617 1.5632506608963013 11.855203628540039
v -9.56164836883545 1.710108995437622 11.97895336151123
v -9.75242805480957 1.5632506608963013 11.71636962890625
v -9.56164836883545 1.710108995437622 11.97895336151123
v -9.87033462524414 1.710108995437622 11.754680633544922
v -9.561338424682617 1.5632506608963013 11.855203628540039
v -9.370250701904297 1.5632506608963013 11.71636962890625
v -9.25296401977539 1.710108995437622 11.754680633544922
v -9.561338424682617 1.5632506608963013 11.855203628540039
v -9.25296401977539 1.710108995437622 11.754680633544922
v -9.56164836883545 1.710108995437622 11.97895336151123
v -9.25296401977539 1.710108995437622 11.754680633544922
v -9.370870590209961 1.710108995437622 11.391799926757812
v -9.370870590209961 1.8916360139846802 11.391799926757812
v -9.25296401977539 1.710108995437622 11.754680633544922
v -9.370870590209961 1.8916360139846802 11.391799926757812
v -9.25296401977539 1.8916360139846802 11.754680633544922
v -9.370870590209961 1.710108995437622 11.391799926757812
v -9.752426147460938 1.710108995437622 11.391799926757812
v -9.752426147460938 1.8916360139846802 11.391799926757812
v -9.370870590209961 1.710108995437622 11.391799926757812
v -9.752426147460938 1.8916360139846802 11.391799926757812
v -9.370870590209961 1.8916360139846802 11.391799926757812
v -9.752426147460938 1.710108995437622 11.391799926757812
v -9.87033462524414 1.710108995437622 11.754680633544922
v -9.87033462524414 1.8916360139846802 11.754680633544922
v -9.752426147460938 1.710108995437622 11.391799926757812
v -9.87033462524414 1.8916360139846802 11.754680633544922
v -9.752426147460938 1.8916360139846802 11.391799926757812
v -9.87033462524414 1.710108995437622 11.754680633544922
v -9.56164836883545 1.710108995437622 11.97895336151123
v -9.56164836883545 1.8916360139846802 11.97895336151123
v -9.87033462524414 1.710108995437622 11.754680633544922
v -9.56164836883545 1.8916360139846802 11.97895336151123
v -9.87033462524414 1.8916360139846802 11.754680633544922
v -9.56164836883545 1.710108995437622 11.97895336151123
v -9.25296401977539 1.710108995437622 11.754680633544922
v -9.25296401977539 1.8916360139846802 11.754680633544922
v -9.56164836883545 1.710108995437622 11.97895336151123
v -9.25296401977539 1.8916360139846802 11.754680633544922
v -9.56164836883545 1.8916360139846802 11.97895336151123
v -9.25296401977539 1.8916360139846802 11.754680633544922
v -9.370870590209961 1.8916360139846802 11.391799926757812
v -9.443742752075195 2.038494110107422 11.492097854614258
v -9.25296401977539 1.8916360139846802 11.754680633544922
v -9.443742752075195 2.038494110107422 11.492097854614258
v -9.370871543884277 2.038494110107422 11.716370582580566
v -9.370870590209961 1.8916360139846802 11.391799926757812
v -9.752426147460938 1.8916360139846802 11.391799926757812
v -9.679555892944336 2.038494110107422 11.492097854614258
v -9.370870590209961 1.8916360139846802 11.391799926757812
v -9.679555892944336 2.038494110107422 11.492097854614258
v -9.443742752075195 2.038494110107422 11.492097854614258
v -9.752426147460938 1.8916360139846802 11.391799926757812
v -9.87033462524414 1.8916360139846802 11.754680633544922
v -9.752427101135254 2.038494110107422 11.716370582580566
v -9.752426147460938 1.8916360139846802 11.391799926757812
v -9.752427101135254 2.038494110107422 11.716370582580566
v -9.679555892944336 2.038494110107422 11.492097854614258
v -9.87033462524414 1.8916360139846802 11.754680633544922
v -9.56164836883545 1.8916360139846802 11.97895336151123
v -9.561649322509766 2.038494110107422 11.854978561401367
v -9.87033462524414 1.8916360139846802 11.754680633544922
v -9.561649322509766 2.038494110107422 11.854978561401367
v -9.752427101135254 2.038494110107422 11.716370582580566
v -9.56164836883545 1.8916360139846802 11.97895336151123
v -9.25296401977539 1.8916360139846802 11.754680633544922
v -9.370871543884277 2.038494110107422 11.716370582580566
v -9.56164836883545 1.8916360139846802 11.97895336151123
v -9.370871543884277 2.038494110107422 11.716370582580566
v -9.561649322509766 2.038494110107422 11.854978561401367
v -9.370871543884277 2.038494110107422 11.716370582580566
v -9.443742752075195 2.038494110107422 11.492097854614258
v -9.561649322509766 2.0945892333984375 11.654382705688477
v -9.443742752075195 2.038494110107422 11.492097854614258
v -9.679555892944336 2.038494110107422 11.492097854614258
v -9.561649322509766 2.0945892333984375 11.654382705688477
v -9.679555892944336 2.038494110107422 11.492097854614258
v -9.752427101135254 2.038494110107422 11.716370582580566
v -9.561649322509766 2.0945892333984375 11.654382705688477
v -9.752427101135254 2.038494110107422 11.716370582580566
v -9.561649322509766 2.038494110107422 11.854978561401367
v -9.561649322509766 2.0945892333984375 11.654382705688477
v -9.561649322509766 2.038494110107422 11.854978561401367
v -9.370871543884277 2.038494110107422 11.716370582580566
v -9.561649322509766 2.0945892333984375 11.654382705688477
v -9.472949981689453 1.6144616603851318 11.570621490478516
v -9.47294807434082 1.6144616603851318 11.748022079467773
v -7.994070529937744 1.283056378364563 11.748021125793457
v -9.472949981689453 1.6144616603851318 11.570621490478516
v -7.994070529937744 1.283056378364563 11.748021125793457
v -7.994069576263428 1.283056378364563 11.570622444152832
v -9.47294807434082 1.6144616603851318 11.748022079467773
v -9.472949028015137 1.4608289003372192 11.659321784973145
v -7.994071006774902 1.1294236183166504 11.659321784973145
v -9.47294807434082 1.6144616603851318 11.748022079467773
v -7.994071006774902 1.1294236183166504 11.659321784973145
v -7.994070529937744 1.283056378364563 11.748021125793457
v -9.472949028015137 1.4608289003372192 11.659321784973145
v -9.472949981689453 1.6144616603851318 11.570621490478516
v -7.994069576263428 1.283056378364563 11.570622444152832
v -9.472949028015137 1.4608289003372192 11.659321784973145
v -7.994069576263428 1.283056378364563 11.570622444152832
v -7.994071006774902 1.1294236183166504 11.659321784973145
v -6.51519250869751 1.283056378364563 11.570621490478516
v -6.51519250869751 1.283056378364563 11.748022079467773
v -5.036313533782959 1.6144616603851318 11.748022079467773
v -6.51519250869751 1.283056378364563 11.570621490478516
v -5.036313533782959 1.6144616603851318 11.748022079467773
v -5.036314487457275 1.6144616603851318 11.570622444152832
v -6.515192031860352 1.1294236183166504 11.659320831298828
v -6.51519250869751 1.283056378364563 11.570621490478516
v -5.036314487457275 1.6144616603851318 11.570622444152832
v -6.515192031860352 1.1294236183166504 11.659320831298828
v -5.036314487457275 1.6144616603851318 11.570622444152832
v -5.036314010620117 1.4608289003372192 11.659321784973145
v -6.51519250869751 1.283056378364563 11.748022079467773
v -6.515192031860352 1.1294236183166504 11.659320831298828
v -5.036314010620117 1.4608289003372192 11.659321784973145
v -6.51519250869751 1.283056378364563 11.748022079467773
v -5.036314010620117 1.4608289003372192 11.659321784973145
v -5.036313533782959 1.6144616603851318 11.748022079467773
v -7.994069576263428 1.283056378364563 11.570622444152832
v -7.994070529937744 1.283056378364563 11.748021125793457
v -6.51519250869751 1.283056378364563 11.748022079467773
v -7.994069576263428 1.283056378364563 11.570622444152832
v -6.51519250869751 1.283056378364563 11.748022079467773
v -6.51519250869751 1.283056378364563 11.570621490478516
v -7.994071006774902 1.1294236183166504 11.659321784973145
v -7.994069576263428 1.283056378364563 11.570622444152832
v -6.51519250869751 1.283056378364563 11.570621490478516
v -7.994071006774902 1.1294236183166504 11.659321784973145
v -6.51519250869751 1.283056378364563 11.570621490478516
v -6.515192031860352 1.1294236183166504 11.659320831298828
v -7.994070529937744 1.283056378364563 11.748021125793457
v -7.994071006774902 1.1294236183166504 11.659321784973145
v -6.515192031860352 1.1294236183166504 11.659320831298828
v -7.994070529937744 1.283056378364563 11.748021125793457
v -6.515192031860352 1.1294236183166504 11.659320831298828
v -6.51519250869751 1.283056378364563 11.748022079467773
v -4.697467803955078 0 11.728996276855469
v -4.79205846786499 0 11.43787956237793
v -4.827319145202637 1.5632506608963013 11.49173355102539
v -4.697467803955078 0 11.728996276855469
v -4.827319145202637 1.5632506608963013 11.49173355102539
v -4.754330158233643 1.5632506608963013 11.71636962890625
v -4.79205846786499 0 11.43787956237793
v -5.098156452178955 0 11.43787956237793
v -5.0635175704956055 1.5632506608963013 11.491732597351074
v -4.79205846786499 0 11.43787956237793
v -5.0635175704956055 1.5632506608963013 11.491732597351074
v -4.827319145202637 1.5632506608963013 11.49173355102539
v -5.098156452178955 0 11.43787956237793
v -5.192748069763184 0 11.728997230529785
v -5.1365065574646 1.5632506608963013 11.71636962890625
v -5.098156452178955 0 11.43787956237793
v -5.1365065574646 1.5632506608963013 11.71636962890625
v -5.0635175704956055 1.5632506608963013 11.491732597351074
v -5.192748069763184 0 11.728997230529785
v -4.945108413696289 0 11.908917427062988
v -4.945418357849121 1.5632506608963013 11.855203628540039
v -5.192748069763184 0 11.728997230529785
v -4.945418357849121 1.5632506608963013 11.855203628540039
v -5.1365065574646 1.5632506608963013 11.71636962890625
v -4.945108413696289 0 11.908917427062988
v -4.697467803955078 0 11.728996276855469
v -4.754330158233643 1.5632506608963013 11.71636962890625
v -4.945108413696289 0 11.908917427062988
v -4.754330158233643 1.5632506608963013 11.71636962890625
v -4.945418357849121 1.5632506608963013 11.855203628540039
v -4.754330158233643 1.5632506608963013 11.71636962890625
v -4.827319145202637 1.5632506608963013 11.49173355102539
v -4.754950523376465 1.710108995437622 11.391799926757812
v -4.754330158233643 1.5632506608963013 11.71636962890625
v -4.754950523376465 1.710108995437622 11.391799926757812
v -4.6370439529418945 1.710108995437622 11.754680633544922
v -4.827319145202637 1.5632506608963013 11.49173355102539
v -5.0635175704956055 1.5632506608963013 11.491732597351074
v -5.136506080627441 1.710108995437622 11.391799926757812
v -4.827319145202637 1.5632506608963013 11.49173355102539
v -5.136506080627441 1.710108995437622 11.391799926757812
v -4.754950523376465 1.710108995437622 11.391799926757812
v -5.0635175704956055 1.5632506608963013 11.491732597351074
v -5.1365065574646 1.5632506608963013 11.71636962890625
v -5.254413604736328 1.710108995437622 11.754680633544922
v -5.0635175704956055 1.5632506608963013 11.491732597351074
v -5.254413604736328 1.710108995437622 11.754680633544922
v -5.136506080627441 1.710108995437622 11.391799926757812
v -5.1365065574646 1.5632506608963013 11.71636962890625
v -4.945418357849121 1.5632506608963013 11.855203628540039
v -4.945728302001953 1.710108995437622 11.978952407836914
v -5.1365065574646 1.5632506608963013 11.71636962890625
v -4.945728302001953 1.710108995437622 11.978952407836914
v -5.254413604736328 1.710108995437622 11.754680633544922
v -4.945418357849121 1.5632506608963013 11.855203628540039
v -4.754330158233643 1.5632506608963013 11.71636962890625
v -4.6370439529418945 1.710108995437622 11.754680633544922
v -4.945418357849121 1.5632506608963013 11.855203628540039
v -4.6370439529418945 1.710108995437622 11.754680633544922
v -4.945728302001953 1.710108995437622 11.978952407836914
v -4.6370439529418945 1.710108995437622 11.754680633544922
v -4.754950523376465 1.710108995437622 11.391799926757812
v -4.754950523376465 1.8916360139846802 11.391799926757812
v -4.6370439529418945 1.710108995437622 11.754680633544922
v -4.754950523376465 1.8916360139846802 11.391799926757812
v -4.6370439529418945 1.8916360139846802 11.754680633544922
v -4.754950523376465 1.710108995437622 11.391799926757812
v -5.136506080627441 1.710108995437622 11.391799926757812
v -5.136506080627441 1.8916360139846802 11.391799926757812
v -4.754950523376465 1.710108995437622 11.391799926757812
v -5.136506080627441 1.8916360139846802 11.391799926757812
v -4.754950523376465 1.8916360139846802 11.391799926757812
v -5.136506080627441 1.710108995437622 11.391799926757812
v -5.254413604736328 1.710108995437622 11.754680633544922
v -5.254413604736328 1.8916360139846802 11.754680633544922
v -5.136506080627441 1.710108995437622 11.391799926757812
v -5.254413604736328 1.8916360139846802 11.754680633544922
v -5.136506080627441 1.8916360139846802 11.391799926757812
v -5.254413604736328 1.710108995437622 11.754680633544922
v -4.945728302001953 1.710108995437622 11.978952407836914
v -4.945728302001953 1.8916360139846802 11.978952407836914
v -5.254413604736328 1.710108995437622 11.754680633544922
v -4.945728302001953 1.8916360139846802 11.978952407836914
v -5.254413604736328 1.8916360139846802 11.754680633544922
v -4.945728302001953 1.710108995437622 11.978952407836914
v -4.6370439529418945 1.710108995437622 11.754680633544922
v -4.6370439529418945 1.8916360139846802 11.754680633544922
v -4.945728302001953 1.710108995437622 11.978952407836914
v -4.6370439529418945 1.8916360139846802 11.754680633544922
v -4.945728302001953 1.8916360139846802 11.978952407836914
v -4.6370439529418945 1.8916360139846802 11.754680633544922
v -4.754950523376465 1.8916360139846802 11.391799926757812
v -4.827821731567383 2.038494110107422 11.492097854614258
v -4.6370439529418945 1.8916360139846802 11.754680633544922
v -4.827821731567383 2.038494110107422 11.492097854614258
v -4.754950523376465 2.038494110107422 11.716371536254883
v -4.754950523376465 1.8916360139846802 11.391799926757812
v -5.136506080627441 1.8916360139846802 11.391799926757812
v -5.06363582611084 2.038494110107422 11.492097854614258
v -4.754950523376465 1.8916360139846802 11.391799926757812
v -5.06363582611084 2.038494110107422 11.492097854614258
v -4.827821731567383 2.038494110107422 11.492097854614258
v -5.136506080627441 1.8916360139846802 11.391799926757812
v -5.254413604736328 1.8916360139846802 11.754680633544922
v -5.136506080627441 2.038494110107422 11.716371536254883
v -5.136506080627441 1.8916360139846802 11.391799926757812
v -5.136506080627441 2.038494110107422 11.716371536254883
v -5.06363582611084 2.038494110107422 11.492097854614258
v -5.254413604736328 1.8916360139846802 11.754680633544922
v -4.945728302001953 1.8916360139846802 11.978952407836914
v -4.945728302001953 2.038494110107422 11.854978561401367
v -5.254413604736328 1.8916360139846802 11.754680633544922
v -4.945728302001953 2.038494110107422 11.854978561401367
v -5.136506080627441 2.038494110107422 11.716371536254883
v -4.945728302001953 1.8916360139846802 11.978952407836914
v -4.6370439529418945 1.8916360139846802 11.754680633544922
v -4.754950523376465 2.038494110107422 11.716371536254883
v -4.945728302001953 1.8916360139846802 11.978952407836914
v -4.754950523376465 2.038494110107422 11.716371536254883
v -4.945728302001953 2.038494110107422 11.854978561401367
v -4.754950523376465 2.038494110107422 11.716371536254883
v -4.827821731567383 2.038494110107422 11.492097854614258
v -4.945728302001953 2.0945892333984375 11.654382705688477
v -4.827821731567383 2.038494110107422 11.492097854614258
v -5.06363582611084 2.038494110107422 11.492097854614258
v -4.945728302001953 2.0945892333984375 11.654382705688477
v -5.06363582611084 2.038494110107422 11.492097854614258
v -5.136506080627441 2.038494110107422 11.716371536254883
v -4.945728302001953 2.0945892333984375 11.654382705688477
v -5.136506080627441 2.038494110107422 11.716371536254883
v -4.945728302001953 2.038494110107422 11.854978561401367
v -4.945728302001953 2.0945892333984375 11.654382705688477
v -4.945728302001953 2.038494110107422 11.854978561401367
v -4.754950523376465 2.038494110107422 11.716371536254883
v -4.945728302001953 2.0945892333984375 11.654382705688477
v -4.945728778839111 1.6144616603851318 11.570621490478516
v -4.945728778839111 1.6144616603851318 11.748022079467773
v -3.466850757598877 1.283056378364563 11.748021125793457
v -4.945728778839111 1.6144616603851318 11.570621490478516
v -3.466850757598877 1.283056378364563 11.748021125793457
v -3.466850757598877 1.283056378364563 11.570621490478516
v -4.945728778839111 1.6144616603851318 11.748022079467773
v -4.945728302001953 1.4608289003372192 11.659320831298828
v -3.4668502807617188 1.1294236183166504 11.659322738647461
v -4.945728778839111 1.6144616603851318 11.748022079467773
v -3.4668502807617188 1.1294236183166504 11.659322738647461
v -3.466850757598877 1.283056378364563 11.748021125793457
v -4.945728302001953 1.4608289003372192 11.659320831298828
v -4.945728778839111 1.6144616603851318 11.570621490478516
v -3.466850757598877 1.283056378364563 11.570621490478516
v -4.945728302001953 1.4608289003372192 11.659320831298828
v -3.466850757598877 1.283056378364563 11.570621490478516
v -3.4668502807617188 1.1294236183166504 11.659322738647461
v -1.9879717826843262 1.283056378364563 11.570621490478516
v -1.9879717826843262 1.283056378364563 11.748022079467773
v -0.5090928077697754 1.6144616603851318 11.748021125793457
v -1.9879717826843262 1.283056378364563 11.570621490478516
v -0.5090928077697754 1.6144616603851318 11.748021125793457
v -0.5090928077697754 1.6144616603851318 11.5706205368042
v -1.987971305847168 1.1294236183166504 11.659320831298828
v -1.9879717826843262 1.283056378364563 11.570621490478516
v -0.5090928077697754 1.6144616603851318 11.5706205368042
v -1.987971305847168 1.1294236183166504 11.659320831298828
v -0.5090928077697754 1.6144616603851318 11.5706205368042
v -0.5090932846069336 1.4608289003372192 11.659321784973145
v -1.9879717826843262 1.283056378364563 11.748022079467773
v -1.987971305847168 1.1294236183166504 11.659320831298828
v -0.5090932846069336 1.4608289003372192 11.659321784973145
v -1.9879717826843262 1.283056378364563 11.748022079467773
v -0.5090932846069336 1.4608289003372192 11.659321784973145
v -0.5090928077697754 1.6144616603851318 11.748021125793457
v -3.466850757598877 1.283056378364563 11.570621490478516
v -3.466850757598877 1.283056378364563 11.748021125793457
v -1.9879717826843262 1.283056378364563 11.748022079467773
v -3.466850757598877 1.283056378364563 11.570621490478516
v -1.9879717826843262 1.283056378364563 11.748022079467773
v -1.9879717826843262 1.283056378364563 11.570621490478516
v -3.4668502807617188 1.1294236183166504 11.659322738647461
v -3.466850757598877 1.283056378364563 11.570621490478516
v -1.9879717826843262 1.283056378364563 11.570621490478516
v -3.4668502807617188 1.1294236183166504 11.659322738647461
v -1.9879717826843262 1.283056378364563 11.570621490478516
v -1.987971305847168 1.1294236183166504 11.659320831298828
v -3.466850757598877 1.283056378364563 11.748021125793457
v -3.4668502807617188 1.1294236183166504 11.659322738647461
v -1.987971305847168 1.1294236183166504 11.659320831298828
v -3.466850757598877 1.283056378364563 11.748021125793457
v -1.987971305847168 1.1294236183166504 11.659320831298828
v -1.9879717826843262 1.283056378364563 11.748022079467773
v -0.20923900604248047 0 11.728997230529785
v -0.3038291931152344 0 11.437877655029297
v -0.33909034729003906 1.5632506608963013 11.491731643676758
v -0.20923900604248047 0 11.728997230529785
v -0.33909034729003906 1.5632506608963013 11.491731643676758
v -0.2661008834838867 1.5632506608963013 11.716368675231934
v -0.3038291931152344 0 11.437877655029297
v -0.6099286079406738 0 11.437877655029297
v -0.5752878189086914 1.5632506608963013 11.491731643676758
v -0.3038291931152344 0 11.437877655029297
v -0.5752878189086914 1.5632506608963013 11.491731643676758
v -0.33909034729003906 1.5632506608963013 11.491731643676758
v -0.6099286079406738 0 11.437877655029297
v -0.7045183181762695 0 11.728998184204102
v -0.6482768058776855 1.5632506608963013 11.71636962890625
v -0.6099286079406738 0 11.437877655029297
v -0.6482768058776855 1.5632506608963013 11.71636962890625
v -0.5752878189086914 1.5632506608963013 11.491731643676758
v -0.7045183181762695 0 11.728998184204102
v -0.456878662109375 0 11.908916473388672
v -0.45718955993652344 1.5632506608963013 11.855203628540039
v -0.7045183181762695 0 11.728998184204102
v -0.45718955993652344 1.5632506608963013 11.855203628540039
v -0.6482768058776855 1.5632506608963013 11.71636962890625
v -0.456878662109375 0 11.908916473388672
v -0.20923900604248047 0 11.728997230529785
v -0.2661008834838867 1.5632506608963013 11.716368675231934
v -0.456878662109375 0 11.908916473388672
v -0.2661008834838867 1.5632506608963013 11.716368675231934
v -0.45718955993652344 1.5632506608963013 11.855203628540039
v -0.2661008834838867 1.5632506608963013 11.716368675231934
v -0.33909034729003906 1.5632506608963013 11.491731643676758
v -0.2667217254638672 1.710108995437622 11.391799926757812
v -0.2661008834838867 1.5632506608963013 11.716368675231934
v -0.2667217254638672 1.710108995437622 11.391799926757812
v -0.14881467819213867 1.710108995437622 11.754680633544922
v -0.33909034729003906 1.5632506608963013 11.491731643676758
v -0.5752878189086914 1.5632506608963013 11.491731643676758
v -0.6482772827148438 1.710108995437622 11.391799926757812
v -0.33909034729003906 1.5632506608963013 11.491731643676758
v -0.6482772827148438 1.710108995437622 11.391799926757812
v -0.2667217254638672 1.710108995437622 11.391799926757812
v -0.5752878189086914 1.5632506608963013 11.491731643676758
v -0.6482768058776855 1.5632506608963013 11.71636962890625
v -0.7661838531494141 1.710108995437622 11.754680633544922
v -0.5752878189086914 1.5632506608963013 11.491731643676758
v -0.7661838531494141 1.710108995437622 11.754680633544922
v -0.6482772827148438 1.710108995437622 11.391799926757812
v -0.6482768058776855 1.5632506608963013 11.71636962890625
v -0.45718955993652344 1.5632506608963013 11.855203628540039
v -0.45749950408935547 1.710108995437622 11.97895336151123
v -0.6482768058776855 1.5632506608963013 11.71636962890625
v -0.45749950408935547 1.710108995437622 11.97895336151123
v -0.7661838531494141 1.710108995437622 11.754680633544922
v -0.45718955993652344 1.5632506608963013 11.855203628540039
v -0.2661008834838867 1.5632506608963013 11.716368675231934
v -0.14881467819213867 1.710108995437622 11.754680633544922
v -0.45718955993652344 1.5632506608963013 11.855203628540039
v -0.14881467819213867 1.710108995437622 11.754680633544922
v -0.45749950408935547 1.710108995437622 11.97895336151123
v -0.14881467819213867 1.710108995437622 11.754680633544922
v -0.2667217254638672 1.710108995437622 11.391799926757812
v -0.2667217254638672 1.8916360139846802 11.391799926757812
v -0.14881467819213867 1.710108995437622 11.754680633544922
v -0.2667217254638672 1.8916360139846802 11.391799926757812
v -0.14881467819213867 1.8916360139846802 11.754680633544922
v -0.2667217254638672 1.710108995437622 11.391799926757812
v -0.6482772827148438 1.710108995437622 11.391799926757812
v -0.6482772827148438 1.8916360139846802 11.391799926757812
v -0.2667217254638672 1.710108995437622 11.391799926757812
v -0.6482772827148438 1.8916360139846802 11.391799926757812
v -0.2667217254638672 1.8916360139846802 11.391799926757812
v -0.6482772827148438 1.710108995437622 11.391799926757812
v -0.7661838531494141 1.710108995437622 11.754680633544922
v -0.7661838531494141 1.8916360139846802 11.754680633544922
v -0.6482772827148438 1.710108995437622 11.391799926757812
v -0.7661838531494141 1.8916360139846802 11.754680633544922
v -0.6482772827148438 1.8916360139846802 11.391799926757812
v -0.7661838531494141 1.710108995437622 11.754680633544922
v -0.45749950408935547 1.710108995437622 11.97895336151123
v -0.45749950408935547 1.8916360139846802 11.97895336151123
v -0.7661838531494141 1.710108995437622 11.754680633544922
v -0.45749950408935547 1.8916360139846802 11.97895336151123
v -0.7661838531494141 1.8916360139846802 11.754680633544922
v -0.45749950408935547 1.710108995437622 11.97895336151123
v -0.14881467819213867 1.710108995437622 11.754680633544922
v -0.14881467819213867 1.8916360139846802 11.754680633544922
v -0.45749950408935547 1.710108995437622 11.97895336151123
v -0.14881467819213867 1.8916360139846802 11.754680633544922
v -0.45749950408935547 1.8916360139846802 11.97895336151123
v -0.14881467819213867 1.8916360139846802 11.754680633544922
v -0.2667217254638672 1.8916360139846802 11.391799926757812
v -0.33959245681762695 2.038494110107422 11.492095947265625
v -0.14881467819213867 1.8916360139846802 11.754680633544922
v -0.33959245681762695 2.038494110107422 11.492095947265625
v -0.2667217254638672 2.038494110107422 11.716371536254883
v -0.2667217254638672 1.8916360139846802 11.391799926757812
v -0.6482772827148438 1.8916360139846802 11.391799926757812
v -0.5754060745239258 2.038494110107422 11.492097854614258
v -0.2667217254638672 1.8916360139846802 11.391799926757812
v -0.5754060745239258 2.038494110107422 11.492097854614258
v -0.33959245681762695 2.038494110107422 11.492095947265625
v -0.6482772827148438 1.8916360139846802 11.391799926757812
v -0.7661838531494141 1.8916360139846802 11.754680633544922
v -0.6482772827148438 2.038494110107422 11.71636962890625
v -0.6482772827148438 1.8916360139846802 11.391799926757812
v -0.6482772827148438 2.038494110107422 11.71636962890625
v -0.5754060745239258 2.038494110107422 11.492097854614258
v -0.7661838531494141 1.8916360139846802 11.754680633544922
v -0.45749950408935547 1.8916360139846802 11.97895336151123
v -0.45749950408935547 2.038494110107422 11.854979515075684
v -0.7661838531494141 1.8916360139846802 11.754680633544922
v -0.45749950408935547 2.038494110107422 11.854979515075684
v -0.6482772827148438 2.038494110107422 11.71636962890625
v -0.45749950408935547 1.8916360139846802 11.97895336151123
v -0.14881467819213867 1.8916360139846802 11.754680633544922
v -0.2667217254638672 2.038494110107422 11.716371536254883
v -0.45749950408935547 1.8916360139846802 11.97895336151123
v -0.2667217254638672 2.038494110107422 11.716371536254883
v -0.45749950408935547 2.038494110107422 11.854979515075684
v -0.2667217254638672 2.038494110107422 11.716371536254883
v -0.33959245681762695 2.038494110107422 11.492095947265625
v -0.45749950408935547 2.0945892333984375 11.654383659362793
v -0.33959245681762695 2.038494110107422 11.492095947265625
v -0.5754060745239258 2.038494110107422 11.492097854614258
v -0.45749950408935547 2.0945892333984375 11.654383659362793
v -0.5754060745239258 2.038494110107422 11.492097854614258
v -0.6482772827148438 2.038494110107422 11.71636962890625
v -0.45749950408935547 2.0945892333984375 11.654383659362793
v -0.6482772827148438 2.038494110107422 11.71636962890625
v -0.45749950408935547 2.038494110107422 11.854979515075684
v -0.45749950408935547 2.0945892333984375 11.654383659362793
v -0.45749950408935547 2.038494110107422 11.854979515075684
v -0.2667217254638672 2.038494110107422 11.716371536254883
v -0.45749950408935547 2.0945892333984375 11.654383659362793
v -10 0 -8
v -1.6900005340576172 0 -8
v -1.6900005340576172 -0.5658098459243774 -8
v -10 0 -8
v -1.6900005340576172 -0.5658098459243774 -8
v -10 -0.5658098459243774 -8
v -1.6900005340576172 0 -8
v 6.999998092651367 0 -8
v 6.999998092651367 -0.5658098459243774 -8
v -1.6900005340576172 0 -8
v 6.999998092651367 -0.5658098459243774 -8
v -1.6900005340576172 -0.5658098459243774 -8
vt 0.791015625 0.99609375
vt 0.984375 0.99609375
vt 0.984375 0.982421875
vt 0.791015625 0.99609375
vt 0.984375 0.982421875
vt 0.791015625 0.982421875
vt 0.8828125 0.080078125
vt 0.943359375 0.080078125
vt 0.943359375 0.009765625
vt 0.8828125 0.080078125
vt 0.943359375 0.009765625
vt 0.8828125 0.009765625
vt 0.998046875 0.7734375
vt 0.984375 0.7734375
vt 0.984375 0.982421875
vt 0.998046875 0.7734375
vt 0.984375 0.982421875
vt 0.998046875 0.982421875
vt 0.791015625 0.7734375
vt 0.77734375 0.7734375
vt 0.77734375 0.982421875
vt 0.791015625 0.7734375
vt 0.77734375 0.982421875
vt 0.791015625 0.982421875
vt 0.791015625 0.982421875
vt 0.984375 0.982421875
vt 0.966796875 0.966796875
vt 0.791015625 0.982421875
vt 0.966796875 0.966796875
vt 0.806640625 0.966796875
vt 0.984375 0.982421875
vt 0.984375 0.7734375
vt 0.966796875 0.7734375
vt 0.984375 0.982421875
vt 0.966796875 0.7734375
vt 0.966796875 0.966796875
vt 0.791015625 0.7734375
vt 0.791015625 0.982421875
vt 0.806640625 0.966796875
vt 0.791015625 0.7734375
vt 0.806640625 0.966796875
vt 0.806640625 0.7734375
vt 0.998046875 0.080078125
vt 0.998046875 0.009765625
vt 0.943359375 0.009765625
vt 0.998046875 0.080078125
vt 0.943359375 0.009765625
vt 0.943359375 0.080078125
vt 0.828125 0.009765625
vt 0.828125 0.080078125
vt 0.8828125 0.080078125
vt 0.828125 0.009765625
vt 0.8828125 0.080078125
vt 0.8828125 0.009765625
vt 0.94140625 0.306640625
vt 0.990234375 0.306640625
vt 0.990234375 0.21875
vt 0.94140625 0.306640625
vt 0.990234375 0.21875
vt 0.94140625 0.21875
vt 0.19921875 0.96484375
vt 0.19921875 0.548828125
vt 0.01171875 0.548828125
vt 0.19921875 0.96484375
vt 0.01171875 0.548828125
vt 0.01171875 0.96484375
vt 0.990234375 0.2890625
vt 0.94140625 0.2890625
vt 0.94140625 0.357421875
vt 0.990234375 0.2890625
vt 0.94140625 0.357421875
vt 0.990234375 0.357421875
vt 0.94140625 0.3046875
vt 0.990234375 0.310546875
vt 0.990234375 0.22265625
vt 0.94140625 0.3046875
vt 0.990234375 0.22265625
vt 0.94140625 0.21484375
vt 0.94140625 0.353515625
vt 0.990234375 0.345703125
vt 0.990234375 0.271484375
vt 0.94140625 0.353515625
vt 0.990234375 0.271484375
vt 0.94140625 0.283203125
vt 0.208984375 0.96484375
vt 0.208984375 0.548828125
vt 0.19921875 0.548828125
vt 0.208984375 0.96484375
vt 0.19921875 0.548828125
vt 0.19921875 0.96484375
vt 0.1953125 0.5390625
vt 0.009765625 0.5390625
vt 0.01171875 0.548828125
vt 0.1953125 0.5390625
vt 0.01171875 0.548828125
vt 0.19921875 0.548828125
vt 0 0.548828125
vt 0 0.96484375
vt 0.01171875 0.96484375
vt 0 0.548828125
vt 0.01171875 0.96484375
vt 0.01171875 0.548828125
vt 0.009765625 0.9765625
vt 0.1953125 0.9765625
vt 0.19921875 0.96484375
vt 0.009765625 0.9765625
vt 0.19921875 0.96484375
vt 0.01171875 0.96484375
vt 0.990234375 0.2890625
vt 0.94140625 0.2890625
vt 0.94140625 0.357421875
vt 0.990234375 0.2890625
vt 0.94140625 0.357421875
vt 0.990234375 0.357421875
vt 0.2109375 0.2734375
vt 0.82421875 0.2734375
vt 0.82421875 0.201171875
vt 0.2109375 0.2734375
vt 0.82421875 0.201171875
vt 0.2109375 0.201171875
vt 0.94140625 0.310546875
vt 0.990234375 0.3046875
vt 0.990234375 0.21484375
vt 0.94140625 0.310546875
vt 0.990234375 0.21484375
vt 0.94140625 0.22265625
vt 0.00390625 0.099609375
vt 0.193359375 0.0703125
vt 0.193359375 0
vt 0.00390625 0.099609375
vt 0.193359375 0
vt 0.00390625 0.0390625
vt 0.63671875 0
vt 0.2109375 0
vt 0.2109375 0.0546875
vt 0.63671875 0
vt 0.2109375 0.0546875
vt 0.63671875 0.0546875
vt 0.94140625 0.306640625
vt 0.990234375 0.306640625
vt 0.990234375 0.21875
vt 0.94140625 0.306640625
vt 0.990234375 0.21875
vt 0.94140625 0.21875
vt 0.94140625 0.345703125
vt 0.990234375 0.353515625
vt 0.990234375 0.283203125
vt 0.94140625 0.345703125
vt 0.990234375 0.283203125
vt 0.94140625 0.271484375
vt 0.009765625 0.3359375
vt 0.19921875 0.36328125
vt 0.19921875 0.3046875
vt 0.009765625 0.3359375
vt 0.19921875 0.3046875
vt 0.009765625 0.265625
vt 0.818359375 0
vt 0.76953125 0
vt 0.76953125 0.0546875
vt 0.818359375 0
vt 0.76953125 0.0546875
vt 0.818359375 0.0546875
vt 0.76953125 0
vt 0.63671875 0
vt 0.63671875 0.0546875
vt 0.76953125 0
vt 0.63671875 0.0546875
vt 0.76953125 0.0546875
vt 0.94140625 0.53125
vt 0.990234375 0.53125
vt 0.990234375 0.345703125
vt 0.94140625 0.53125
vt 0.990234375 0.345703125
vt 0.94140625 0.353515625
vt 0.00390625 0.25
vt 0.193359375 0.25
vt 0.193359375 0.0703125
vt 0.00390625 0.25
vt 0.193359375 0.0703125
vt 0.00390625 0.099609375
vt 0.94140625 0.53125
vt 0.990234375 0.53125
vt 0.990234375 0.3046875
vt 0.94140625 0.53125
vt 0.990234375 0.3046875
vt 0.94140625 0.310546875
vt 0.94140625 0.53125
vt 0.990234375 0.53125
vt 0.990234375 0.306640625
vt 0.94140625 0.53125
vt 0.990234375 0.306640625
vt 0.94140625 0.306640625
vt 0.2109375 0.455078125
vt 0.82421875 0.455078125
vt 0.82421875 0.2734375
vt 0.2109375 0.455078125
vt 0.82421875 0.2734375
vt 0.2109375 0.2734375
vt 0.94140625 0.53125
vt 0.990234375 0.53125
vt 0.990234375 0.306640625
vt 0.94140625 0.53125
vt 0.990234375 0.306640625
vt 0.94140625 0.306640625
vt 0.94140625 0.53125
vt 0.990234375 0.53125
vt 0.990234375 0.310546875
vt 0.94140625 0.53125
vt 0.990234375 0.310546875
vt 0.94140625 0.3046875
vt 0.009765625 0.515625
vt 0.19921875 0.515625
vt 0.19921875 0.36328125
vt 0.009765625 0.515625
vt 0.19921875 0.36328125
vt 0.009765625 0.3359375
vt 0.94140625 0.53125
vt 0.990234375 0.53125
vt 0.990234375 0.353515625
vt 0.94140625 0.53125
vt 0.990234375 0.353515625
vt 0.94140625 0.345703125
vt 0.990234375 0.357421875
vt 0.94140625 0.357421875
vt 0.94140625 0.53125
vt 0.990234375 0.357421875
vt 0.94140625 0.53125
vt 0.990234375 0.53125
vt 0.63671875 0.0546875
vt 0.2109375 0.0546875
vt 0.2109375 0.1953125
vt 0.63671875 0.0546875
vt 0.2109375 0.1953125
vt 0.63671875 0.1953125
vt 0.818359375 0.0546875
vt 0.76953125 0.0546875
vt 0.76953125 0.1953125
vt 0.818359375 0.0546875
vt 0.76953125 0.1953125
vt 0.818359375 0.1953125
vt 0.990234375 0.357421875
vt 0.94140625 0.357421875
vt 0.94140625 0.53125
vt 0.990234375 0.357421875
vt 0.94140625 0.53125
vt 0.990234375 0.53125
vt 0.6875 0.576171875
vt 0.6953125 0.576171875
vt 0.6953125 0.478515625
vt 0.6875 0.576171875
vt 0.6953125 0.478515625
vt 0.6875 0.478515625
vt 0.6953125 0.46875
vt 0.6953125 0.478515625
vt 0.828125 0.478515625
vt 0.6953125 0.46875
vt 0.828125 0.478515625
vt 0.828125 0.46875
vt 0.8359375 0.478515625
vt 0.828125 0.478515625
vt 0.828125 0.576171875
vt 0.8359375 0.478515625
vt 0.828125 0.576171875
vt 0.8359375 0.576171875
vt 0.828125 0.5859375
vt 0.828125 0.576171875
vt 0.6953125 0.576171875
vt 0.828125 0.5859375
vt 0.6953125 0.576171875
vt 0.6953125 0.5859375
vt 0.6953125 0.576171875
vt 0.828125 0.576171875
vt 0.828125 0.478515625
vt 0.6953125 0.576171875
vt 0.828125 0.478515625
vt 0.6953125 0.478515625
vt 0.224609375 0.61328125
vt 0.224609375 0.96875
vt 0.23828125 0.96875
vt 0.224609375 0.61328125
vt 0.23828125 0.96875
vt 0.23828125 0.61328125
vt 0.279296875 0.61328125
vt 0.279296875 0.927734375
vt 0.439453125 0.927734375
vt 0.279296875 0.61328125
vt 0.439453125 0.927734375
vt 0.439453125 0.61328125
vt 0.48046875 0.654296875
vt 0.48046875 0.96875
vt 0.494140625 0.96875
vt 0.48046875 0.654296875
vt 0.494140625 0.96875
vt 0.494140625 0.654296875
vt 0.23828125 0.982421875
vt 0.48046875 0.982421875
vt 0.48046875 0.96875
vt 0.23828125 0.982421875
vt 0.48046875 0.96875
vt 0.23828125 0.96875
vt 0.224609375 0.61328125
vt 0.23828125 0.61328125
vt 0.23828125 0.486328125
vt 0.224609375 0.61328125
vt 0.23828125 0.486328125
vt 0.224609375 0.486328125
vt 0.279296875 0.61328125
vt 0.439453125 0.61328125
vt 0.439453125 0.52734375
vt 0.279296875 0.61328125
vt 0.439453125 0.52734375
vt 0.279296875 0.52734375
vt 0.6484375 0.654296875
vt 0.662109375 0.654296875
vt 0.662109375 0.486328125
vt 0.6484375 0.654296875
vt 0.662109375 0.486328125
vt 0.6484375 0.486328125
vt 0.662109375 0.486328125
vt 0.6484375 0.486328125
vt 0.6484375 0.654296875
vt 0.662109375 0.486328125
vt 0.6484375 0.654296875
vt 0.662109375 0.654296875
vt 0.439453125 0.52734375
vt 0.439453125 0.61328125
vt 0.607421875 0.61328125
vt 0.439453125 0.52734375
vt 0.607421875 0.61328125
vt 0.607421875 0.52734375
vt 0.23828125 0.61328125
vt 0.23828125 0.96875
vt 0.279296875 0.927734375
vt 0.23828125 0.61328125
vt 0.279296875 0.927734375
vt 0.279296875 0.61328125
vt 0.23828125 0.96875
vt 0.48046875 0.96875
vt 0.439453125 0.927734375
vt 0.23828125 0.96875
vt 0.439453125 0.927734375
vt 0.279296875 0.927734375
vt 0.48046875 0.96875
vt 0.48046875 0.654296875
vt 0.439453125 0.61328125
vt 0.48046875 0.96875
vt 0.439453125 0.61328125
vt 0.439453125 0.927734375
vt 0.439453125 0.486328125
vt 0.23828125 0.486328125
vt 0.279296875 0.52734375
vt 0.439453125 0.486328125
vt 0.279296875 0.52734375
vt 0.439453125 0.52734375
vt 0.23828125 0.486328125
vt 0.23828125 0.61328125
vt 0.279296875 0.61328125
vt 0.23828125 0.486328125
vt 0.279296875 0.61328125
vt 0.279296875 0.52734375
vt 0.48046875 0.654296875
vt 0.6484375 0.654296875
vt 0.607421875 0.61328125
vt 0.48046875 0.654296875
vt 0.607421875 0.61328125
vt 0.439453125 0.61328125
vt 0.6484375 0.654296875
vt 0.6484375 0.486328125
vt 0.607421875 0.52734375
vt 0.6484375 0.654296875
vt 0.607421875 0.52734375
vt 0.607421875 0.61328125
vt 0.6484375 0.486328125
vt 0.439453125 0.486328125
vt 0.439453125 0.52734375
vt 0.6484375 0.486328125
vt 0.439453125 0.52734375
vt 0.607421875 0.52734375
vt 0.501953125 0.83203125
vt 0.501953125 0.890625
vt 0.513671875 0.890625
vt 0.501953125 0.83203125
vt 0.513671875 0.890625
vt 0.513671875 0.83203125
vt 0.513671875 0.83203125
vt 0.513671875 0.890625
vt 0.65625 0.890625
vt 0.513671875 0.83203125
vt 0.65625 0.890625
vt 0.65625 0.83203125
vt 0.65625 0.83203125
vt 0.65625 0.890625
vt 0.66796875 0.890625
vt 0.65625 0.83203125
vt 0.66796875 0.890625
vt 0.66796875 0.83203125
vt 0.513671875 0.90234375
vt 0.65625 0.90234375
vt 0.65625 0.890625
vt 0.513671875 0.90234375
vt 0.65625 0.890625
vt 0.513671875 0.890625
vt 0.501953125 0.83203125
vt 0.501953125 0.890625
vt 0.513671875 0.890625
vt 0.501953125 0.83203125
vt 0.513671875 0.890625
vt 0.513671875 0.83203125
vt 0.513671875 0.83203125
vt 0.513671875 0.890625
vt 0.65625 0.890625
vt 0.513671875 0.83203125
vt 0.65625 0.890625
vt 0.65625 0.83203125
vt 0.65625 0.83203125
vt 0.65625 0.890625
vt 0.66796875 0.890625
vt 0.65625 0.83203125
vt 0.66796875 0.890625
vt 0.66796875 0.83203125
vt 0.513671875 0.90234375
vt 0.65625 0.90234375
vt 0.65625 0.890625
vt 0.513671875 0.90234375
vt 0.65625 0.890625
vt 0.513671875 0.890625
vt 0.501953125 0.83203125
vt 0.501953125 0.890625
vt 0.513671875 0.890625
vt 0.501953125 0.83203125
vt 0.513671875 0.890625
vt 0.513671875 0.83203125
vt 0.513671875 0.83203125
vt 0.513671875 0.890625
vt 0.65625 0.890625
vt 0.513671875 0.83203125
vt 0.65625 0.890625
vt 0.65625 0.83203125
vt 0.65625 0.83203125
vt 0.65625 0.890625
vt 0.66796875 0.890625
vt 0.65625 0.83203125
vt 0.66796875 0.890625
vt 0.66796875 0.83203125
vt 0.513671875 0.90234375
vt 0.65625 0.90234375
vt 0.65625 0.890625
vt 0.513671875 0.90234375
vt 0.65625 0.890625
vt 0.513671875 0.890625
vt 0.501953125 0.83203125
vt 0.501953125 0.890625
vt 0.513671875 0.890625
vt 0.501953125 0.83203125
vt 0.513671875 0.890625
vt 0.513671875 0.83203125
vt 0.513671875 0.83203125
vt 0.513671875 0.890625
vt 0.65625 0.890625
vt 0.513671875 0.83203125
vt 0.65625 0.890625
vt 0.65625 0.83203125
vt 0.65625 0.83203125
vt 0.65625 0.890625
vt 0.66796875 0.890625
vt 0.65625 0.83203125
vt 0.66796875 0.890625
vt 0.66796875 0.83203125
vt 0.513671875 0.90234375
vt 0.65625 0.90234375
vt 0.65625 0.890625
vt 0.513671875 0.90234375
vt 0.65625 0.890625
vt 0.513671875 0.890625
vt 0.505859375 0.669921875
vt 0.505859375 0.810546875
vt 0.515625 0.810546875
vt 0.505859375 0.669921875
vt 0.515625 0.810546875
vt 0.515625 0.669921875
vt 0.515625 0.669921875
vt 0.515625 0.810546875
vt 0.66015625 0.810546875
vt 0.515625 0.669921875
vt 0.66015625 0.810546875
vt 0.66015625 0.669921875
vt 0.66015625 0.669921875
vt 0.66015625 0.810546875
vt 0.669921875 0.810546875
vt 0.66015625 0.669921875
vt 0.669921875 0.810546875
vt 0.669921875 0.669921875
vt 0.515625 0.8203125
vt 0.66015625 0.8203125
vt 0.66015625 0.810546875
vt 0.515625 0.8203125
vt 0.66015625 0.810546875
vt 0.515625 0.810546875
vt 0.716796875 0.904296875
vt 0.736328125 0.904296875
vt 0.736328125 0.88671875
vt 0.716796875 0.904296875
vt 0.736328125 0.88671875
vt 0.716796875 0.88671875
vt 0.751953125 0.6484375
vt 0.736328125 0.640625
vt 0.736328125 0.88671875
vt 0.751953125 0.6484375
vt 0.736328125 0.88671875
vt 0.751953125 0.89453125
vt 0.736328125 0.640625
vt 0.716796875 0.640625
vt 0.716796875 0.88671875
vt 0.736328125 0.640625
vt 0.716796875 0.88671875
vt 0.736328125 0.88671875
vt 0.716796875 0.640625
vt 0.701171875 0.6484375
vt 0.701171875 0.89453125
vt 0.716796875 0.640625
vt 0.701171875 0.89453125
vt 0.716796875 0.88671875
vt 0.8359375 0.166015625
vt 0.8359375 0.19140625
vt 0.990234375 0.19140625
vt 0.8359375 0.166015625
vt 0.990234375 0.19140625
vt 0.990234375 0.166015625
vt 0.990234375 0.140625
vt 0.990234375 0.11328125
vt 0.8359375 0.11328125
vt 0.990234375 0.140625
vt 0.8359375 0.11328125
vt 0.8359375 0.140625
vt 0.8359375 0.087890625
vt 0.8359375 0.11328125
vt 0.990234375 0.11328125
vt 0.8359375 0.087890625
vt 0.990234375 0.11328125
vt 0.990234375 0.087890625
vt 0.8359375 0.140625
vt 0.8359375 0.166015625
vt 0.990234375 0.166015625
vt 0.8359375 0.140625
vt 0.990234375 0.166015625
vt 0.990234375 0.140625
vt 0.705078125 0.96484375
vt 0.671875 0.951171875
vt 0.671875 0.98828125
vt 0.705078125 0.96484375
vt 0.671875 0.98828125
vt 0.705078125 0.98828125
vt 0.728515625 0.98828125
vt 0.759765625 0.98828125
vt 0.759765625 0.951171875
vt 0.728515625 0.98828125
vt 0.759765625 0.951171875
vt 0.728515625 0.96484375
vt 0.671875 0.951171875
vt 0.646484375 0.951171875
vt 0.646484375 0.98828125
vt 0.671875 0.951171875
vt 0.646484375 0.98828125
vt 0.671875 0.98828125
vt 0.728515625 0.96484375
vt 0.705078125 0.96484375
vt 0.705078125 0.98828125
vt 0.728515625 0.96484375
vt 0.705078125 0.98828125
vt 0.728515625 0.98828125
vt 0.705078125 0.96484375
vt 0.671875 0.951171875
vt 0.671875 0.98828125
vt 0.705078125 0.96484375
vt 0.671875 0.98828125
vt 0.705078125 0.98828125
vt 0.728515625 0.98828125
vt 0.759765625 0.98828125
vt 0.759765625 0.951171875
vt 0.728515625 0.98828125
vt 0.759765625 0.951171875
vt 0.728515625 0.96484375
vt 0.671875 0.951171875
vt 0.646484375 0.951171875
vt 0.646484375 0.98828125
vt 0.671875 0.951171875
vt 0.646484375 0.98828125
vt 0.671875 0.98828125
vt 0.728515625 0.96484375
vt 0.705078125 0.96484375
vt 0.705078125 0.98828125
vt 0.728515625 0.96484375
vt 0.705078125 0.98828125
vt 0.728515625 0.98828125
vt 0.705078125 0.96484375
vt 0.671875 0.951171875
vt 0.671875 0.98828125
vt 0.705078125 0.96484375
vt 0.671875 0.98828125
vt 0.705078125 0.98828125
vt 0.728515625 0.98828125
vt 0.759765625 0.98828125
vt 0.759765625 0.951171875
vt 0.728515625 0.98828125
vt 0.759765625 0.951171875
vt 0.728515625 0.96484375
vt 0.671875 0.951171875
vt 0.646484375 0.951171875
vt 0.646484375 0.98828125
vt 0.671875 0.951171875
vt 0.646484375 0.98828125
vt 0.671875 0.98828125
vt 0.728515625 0.96484375
vt 0.705078125 0.96484375
vt 0.705078125 0.98828125
vt 0.728515625 0.96484375
vt 0.705078125 0.98828125
vt 0.728515625 0.98828125
vt 0.705078125 0.96484375
vt 0.671875 0.951171875
vt 0.671875 0.98828125
vt 0.705078125 0.96484375
vt 0.671875 0.98828125
vt 0.705078125 0.98828125
vt 0.728515625 0.98828125
vt 0.759765625 0.98828125
vt 0.759765625 0.951171875
vt 0.728515625 0.98828125
vt 0.759765625 0.951171875
vt 0.728515625 0.96484375
vt 0.671875 0.951171875
vt 0.646484375 0.951171875
vt 0.646484375 0.98828125
vt 0.671875 0.951171875
vt 0.646484375 0.98828125
vt 0.671875 0.98828125
vt 0.728515625 0.96484375
vt 0.705078125 0.96484375
vt 0.705078125 0.98828125
vt 0.728515625 0.96484375
vt 0.705078125 0.98828125
vt 0.728515625 0.98828125
vt 0.716796875 0.904296875
vt 0.736328125 0.904296875
vt 0.736328125 0.88671875
vt 0.716796875 0.904296875
vt 0.736328125 0.88671875
vt 0.716796875 0.88671875
vt 0.751953125 0.646484375
vt 0.736328125 0.640625
vt 0.736328125 0.88671875
vt 0.751953125 0.646484375
vt 0.736328125 0.88671875
vt 0.751953125 0.89453125
vt 0.736328125 0.640625
vt 0.716796875 0.640625
vt 0.716796875 0.88671875
vt 0.736328125 0.640625
vt 0.716796875 0.88671875
vt 0.736328125 0.88671875
vt 0.716796875 0.640625
vt 0.701171875 0.646484375
vt 0.701171875 0.89453125
vt 0.716796875 0.640625
vt 0.701171875 0.89453125
vt 0.716796875 0.88671875
vt 0.8359375 0.166015625
vt 0.8359375 0.19140625
vt 0.990234375 0.19140625
vt 0.8359375 0.166015625
vt 0.990234375 0.19140625
vt 0.990234375 0.166015625
vt 0.990234375 0.140625
vt 0.990234375 0.11328125
vt 0.8359375 0.11328125
vt 0.990234375 0.140625
vt 0.8359375 0.11328125
vt 0.8359375 0.140625
vt 0.8359375 0.087890625
vt 0.8359375 0.11328125
vt 0.990234375 0.11328125
vt 0.8359375 0.087890625
vt 0.990234375 0.11328125
vt 0.990234375 0.087890625
vt 0.8359375 0.140625
vt 0.8359375 0.166015625
vt 0.990234375 0.166015625
vt 0.8359375 0.140625
vt 0.990234375 0.166015625
vt 0.990234375 0.140625
vt 0.705078125 0.96484375
vt 0.671875 0.951171875
vt 0.671875 0.98828125
vt 0.705078125 0.96484375
vt 0.671875 0.98828125
vt 0.705078125 0.98828125
vt 0.728515625 0.98828125
vt 0.759765625 0.98828125
vt 0.759765625 0.951171875
vt 0.728515625 0.98828125
vt 0.759765625 0.951171875
vt 0.728515625 0.96484375
vt 0.671875 0.951171875
vt 0.646484375 0.951171875
vt 0.646484375 0.98828125
vt 0.671875 0.951171875
vt 0.646484375 0.98828125
vt 0.671875 0.98828125
vt 0.728515625 0.96484375
vt 0.705078125 0.96484375
vt 0.705078125 0.98828125
vt 0.728515625 0.96484375
vt 0.705078125 0.98828125
vt 0.728515625 0.98828125
vt 0.705078125 0.96484375
vt 0.671875 0.951171875
vt 0.671875 0.98828125
vt 0.705078125 0.96484375
vt 0.671875 0.98828125
vt 0.705078125 0.98828125
vt 0.728515625 0.98828125
vt 0.759765625 0.98828125
vt 0.759765625 0.951171875
vt 0.728515625 0.98828125
vt 0.759765625 0.951171875
vt 0.728515625 0.96484375
vt 0.671875 0.951171875
vt 0.646484375 0.951171875
vt 0.646484375 0.98828125
vt 0.671875 0.951171875
vt 0.646484375 0.98828125
vt 0.671875 0.98828125
vt 0.728515625 0.96484375
vt 0.705078125 0.96484375
vt 0.705078125 0.98828125
vt 0.728515625 0.96484375
vt 0.705078125 0.98828125
vt 0.728515625 0.98828125
vt 0.705078125 0.96484375
vt 0.671875 0.951171875
vt 0.671875 0.98828125
vt 0.705078125 0.96484375
vt 0.671875 0.98828125
vt 0.705078125 0.98828125
vt 0.728515625 0.98828125
vt 0.759765625 0.98828125
vt 0.759765625 0.951171875
vt 0.728515625 0.98828125
vt 0.759765625 0.951171875
vt 0.728515625 0.96484375
vt 0.671875 0.951171875
vt 0.646484375 0.951171875
vt 0.646484375 0.98828125
vt 0.671875 0.951171875
vt 0.646484375 0.98828125
vt 0.671875 0.98828125
vt 0.728515625 0.96484375
vt 0.705078125 0.96484375
vt 0.705078125 0.98828125
vt 0.728515625 0.96484375
vt 0.705078125 0.98828125
vt 0.728515625 0.98828125
vt 0.705078125 0.96484375
vt 0.671875 0.951171875
vt 0.671875 0.98828125
vt 0.705078125 0.96484375
vt 0.671875 0.98828125
vt 0.705078125 0.98828125
vt 0.728515625 0.98828125
vt 0.759765625 0.98828125
vt 0.759765625 0.951171875
vt 0.728515625 0.98828125
vt 0.759765625 0.951171875
vt 0.728515625 0.96484375
vt 0.671875 0.951171875
vt 0.646484375 0.951171875
vt 0.646484375 0.98828125
vt 0.671875 0.951171875
vt 0.646484375 0.98828125
vt 0.671875 0.98828125
vt 0.728515625 0.96484375
vt 0.705078125 0.96484375
vt 0.705078125 0.98828125
vt 0.728515625 0.96484375
vt 0.705078125 0.98828125
vt 0.728515625 0.98828125
vt 0.8359375 0.166015625
vt 0.8359375 0.19140625
vt 0.990234375 0.19140625
vt 0.8359375 0.166015625
vt 0.990234375 0.19140625
vt 0.990234375 0.166015625
vt 0.990234375 0.140625
vt 0.990234375 0.11328125
vt 0.8359375 0.11328125
vt 0.990234375 0.140625
vt 0.8359375 0.11328125
vt 0.8359375 0.140625
vt 0.8359375 0.087890625
vt 0.8359375 0.11328125
vt 0.990234375 0.11328125
vt 0.8359375 0.087890625
vt 0.990234375 0.11328125
vt 0.990234375 0.087890625
vt 0.8359375 0.140625
vt 0.8359375 0.166015625
vt 0.990234375 0.166015625
vt 0.8359375 0.140625
vt 0.990234375 0.166015625
vt 0.990234375 0.140625
vt 0.8359375 0.166015625
vt 0.8359375 0.19140625
vt 0.990234375 0.19140625
vt 0.8359375 0.166015625
vt 0.990234375 0.19140625
vt 0.990234375 0.166015625
vt 0.990234375 0.140625
vt 0.990234375 0.11328125
vt 0.8359375 0.11328125
vt 0.990234375 0.140625
vt 0.8359375 0.11328125
vt 0.8359375 0.140625
vt 0.8359375 0.087890625
vt 0.8359375 0.11328125
vt 0.990234375 0.11328125
vt 0.8359375 0.087890625
vt 0.990234375 0.11328125
vt 0.990234375 0.087890625
vt 0.8359375 0.140625
vt 0.8359375 0.166015625
vt 0.990234375 0.166015625
vt 0.8359375 0.140625
vt 0.990234375 0.166015625
vt 0.990234375 0.140625
vt 0.55859375 0.9921875
vt 0.58203125 0.9921875
vt 0.58203125 0.96875
vt 0.55859375 0.9921875
vt 0.58203125 0.96875
vt 0.55859375 0.96875
vt 0.58203125 0.9921875
vt 0.603515625 0.9921875
vt 0.603515625 0.96875
vt 0.58203125 0.9921875
vt 0.603515625 0.96875
vt 0.58203125 0.96875
vt 0.603515625 0.9921875
vt 0.626953125 0.9921875
vt 0.626953125 0.96875
vt 0.603515625 0.9921875
vt 0.626953125 0.96875
vt 0.603515625 0.96875
vt 0.513671875 0.9921875
vt 0.537109375 0.9921875
vt 0.537109375 0.96875
vt 0.513671875 0.9921875
vt 0.537109375 0.96875
vt 0.513671875 0.96875
vt 0.537109375 0.9921875
vt 0.55859375 0.9921875
vt 0.55859375 0.96875
vt 0.537109375 0.9921875
vt 0.55859375 0.96875
vt 0.537109375 0.96875
vt 0.55859375 0.96875
vt 0.58203125 0.96875
vt 0.58203125 0.955078125
vt 0.55859375 0.96875
vt 0.58203125 0.955078125
vt 0.55859375 0.955078125
vt 0.58203125 0.96875
vt 0.603515625 0.96875
vt 0.603515625 0.955078125
vt 0.58203125 0.96875
vt 0.603515625 0.955078125
vt 0.58203125 0.955078125
vt 0.603515625 0.96875
vt 0.626953125 0.96875
vt 0.626953125 0.955078125
vt 0.603515625 0.96875
vt 0.626953125 0.955078125
vt 0.603515625 0.955078125
vt 0.513671875 0.96875
vt 0.537109375 0.96875
vt 0.537109375 0.955078125
vt 0.513671875 0.96875
vt 0.537109375 0.955078125
vt 0.513671875 0.955078125
vt 0.537109375 0.96875
vt 0.55859375 0.96875
vt 0.55859375 0.955078125
vt 0.537109375 0.96875
vt 0.55859375 0.955078125
vt 0.537109375 0.955078125
vt 0.55859375 0.955078125
vt 0.58203125 0.955078125
vt 0.58203125 0.94140625
vt 0.55859375 0.955078125
vt 0.58203125 0.94140625
vt 0.55859375 0.94140625
vt 0.58203125 0.955078125
vt 0.603515625 0.955078125
vt 0.603515625 0.94140625
vt 0.58203125 0.955078125
vt 0.603515625 0.94140625
vt 0.58203125 0.94140625
vt 0.603515625 0.955078125
vt 0.626953125 0.955078125
vt 0.626953125 0.94140625
vt 0.603515625 0.955078125
vt 0.626953125 0.94140625
vt 0.603515625 0.94140625
vt 0.513671875 0.955078125
vt 0.537109375 0.955078125
vt 0.537109375 0.94140625
vt 0.513671875 0.955078125
vt 0.537109375 0.94140625
vt 0.513671875 0.94140625
vt 0.537109375 0.955078125
vt 0.55859375 0.955078125
vt 0.55859375 0.94140625
vt 0.537109375 0.955078125
vt 0.55859375 0.94140625
vt 0.537109375 0.94140625
vt 0.55859375 0.94140625
vt 0.58203125 0.94140625
vt 0.58203125 0.927734375
vt 0.55859375 0.94140625
vt 0.58203125 0.927734375
vt 0.55859375 0.927734375
vt 0.58203125 0.94140625
vt 0.603515625 0.94140625
vt 0.603515625 0.927734375
vt 0.58203125 0.94140625
vt 0.603515625 0.927734375
vt 0.58203125 0.927734375
vt 0.603515625 0.94140625
vt 0.626953125 0.94140625
vt 0.626953125 0.927734375
vt 0.603515625 0.94140625
vt 0.626953125 0.927734375
vt 0.603515625 0.927734375
vt 0.513671875 0.94140625
vt 0.537109375 0.94140625
vt 0.537109375 0.927734375
vt 0.513671875 0.94140625
vt 0.537109375 0.927734375
vt 0.513671875 0.927734375
vt 0.537109375 0.94140625
vt 0.55859375 0.94140625
vt 0.55859375 0.927734375
vt 0.537109375 0.94140625
vt 0.55859375 0.927734375
vt 0.537109375 0.927734375
vt 0.55859375 0.927734375
vt 0.58203125 0.927734375
vt 0.5703125 0.916015625
vt 0.58203125 0.927734375
vt 0.603515625 0.927734375
vt 0.591796875 0.916015625
vt 0.603515625 0.927734375
vt 0.626953125 0.927734375
vt 0.611328125 0.916015625
vt 0.513671875 0.927734375
vt 0.537109375 0.927734375
vt 0.529296875 0.9140625
vt 0.537109375 0.927734375
vt 0.55859375 0.927734375
vt 0.55078125 0.916015625
vt 0.55859375 0.9921875
vt 0.58203125 0.9921875
vt 0.58203125 0.96875
vt 0.55859375 0.9921875
vt 0.58203125 0.96875
vt 0.55859375 0.96875
vt 0.58203125 0.9921875
vt 0.603515625 0.9921875
vt 0.603515625 0.96875
vt 0.58203125 0.9921875
vt 0.603515625 0.96875
vt 0.58203125 0.96875
vt 0.603515625 0.9921875
vt 0.626953125 0.9921875
vt 0.626953125 0.96875
vt 0.603515625 0.9921875
vt 0.626953125 0.96875
vt 0.603515625 0.96875
vt 0.513671875 0.9921875
vt 0.537109375 0.9921875
vt 0.537109375 0.96875
vt 0.513671875 0.9921875
vt 0.537109375 0.96875
vt 0.513671875 0.96875
vt 0.537109375 0.9921875
vt 0.55859375 0.9921875
vt 0.55859375 0.96875
vt 0.537109375 0.9921875
vt 0.55859375 0.96875
vt 0.537109375 0.96875
vt 0.55859375 0.96875
vt 0.58203125 0.96875
vt 0.58203125 0.955078125
vt 0.55859375 0.96875
vt 0.58203125 0.955078125
vt 0.55859375 0.955078125
vt 0.58203125 0.96875
vt 0.603515625 0.96875
vt 0.603515625 0.955078125
vt 0.58203125 0.96875
vt 0.603515625 0.955078125
vt 0.58203125 0.955078125
vt 0.603515625 0.96875
vt 0.626953125 0.96875
vt 0.626953125 0.955078125
vt 0.603515625 0.96875
vt 0.626953125 0.955078125
vt 0.603515625 0.955078125
vt 0.513671875 0.96875
vt 0.537109375 0.96875
vt 0.537109375 0.955078125
vt 0.513671875 0.96875
vt 0.537109375 0.955078125
vt 0.513671875 0.955078125
vt 0.537109375 0.96875
vt 0.55859375 0.96875
vt 0.55859375 0.955078125
vt 0.537109375 0.96875
vt 0.55859375 0.955078125
vt 0.537109375 0.955078125
vt 0.55859375 0.955078125
vt 0.58203125 0.955078125
vt 0.58203125 0.94140625
vt 0.55859375 0.955078125
vt 0.58203125 0.94140625
vt 0.55859375 0.94140625
vt 0.58203125 0.955078125
vt 0.603515625 0.955078125
vt 0.603515625 0.94140625
vt 0.58203125 0.955078125
vt 0.603515625 0.94140625
vt 0.58203125 0.94140625
vt 0.603515625 0.955078125
vt 0.626953125 0.955078125
vt 0.626953125 0.94140625
vt 0.603515625 0.955078125
vt 0.626953125 0.94140625
vt 0.603515625 0.94140625
vt 0.513671875 0.955078125
vt 0.537109375 0.955078125
vt 0.537109375 0.94140625
vt 0.513671875 0.955078125
vt 0.537109375 0.94140625
vt 0.513671875 0.94140625
vt 0.537109375 0.955078125
vt 0.55859375 0.955078125
vt 0.55859375 0.94140625
vt 0.537109375 0.955078125
vt 0.55859375 0.94140625
vt 0.537109375 0.94140625
vt 0.55859375 0.94140625
vt 0.58203125 0.94140625
vt 0.58203125 0.927734375
vt 0.55859375 0.94140625
vt 0.58203125 0.927734375
vt 0.55859375 0.927734375
vt 0.58203125 0.94140625
vt 0.603515625 0.94140625
vt 0.603515625 0.927734375
vt 0.58203125 0.94140625
vt 0.603515625 0.927734375
vt 0.58203125 0.927734375
vt 0.603515625 0.94140625
vt 0.626953125 0.94140625
vt 0.626953125 0.927734375
vt 0.603515625 0.94140625
vt 0.626953125 0.927734375
vt 0.603515625 0.927734375
vt 0.513671875 0.94140625
vt 0.537109375 0.94140625
vt 0.537109375 0.927734375
vt 0.513671875 0.94140625
vt 0.537109375 0.927734375
vt 0.513671875 0.927734375
vt 0.537109375 0.94140625
vt 0.55859375 0.94140625
vt 0.55859375 0.927734375
vt 0.537109375 0.94140625
vt 0.55859375 0.927734375
vt 0.537109375 0.927734375
vt 0.55859375 0.927734375
vt 0.58203125 0.927734375
vt 0.5703125 0.916015625
vt 0.58203125 0.927734375
vt 0.603515625 0.927734375
vt 0.591796875 0.916015625
vt 0.603515625 0.927734375
vt 0.626953125 0.927734375
vt 0.611328125 0.916015625
vt 0.513671875 0.927734375
vt 0.537109375 0.927734375
vt 0.529296875 0.9140625
vt 0.537109375 0.927734375
vt 0.55859375 0.927734375
vt 0.55078125 0.916015625
vt 0.91015625 0.533203125
vt 0.921875 0.533203125
vt 0.921875 0.2421875
vt 0.91015625 0.533203125
vt 0.921875 0.2421875
vt 0.91015625 0.2421875
vt 0.888671875 0.533203125
vt 0.896484375 0.533203125
vt 0.896484375 0.2421875
vt 0.888671875 0.533203125
vt 0.896484375 0.2421875
vt 0.888671875 0.2421875
vt 0.896484375 0.533203125
vt 0.91015625 0.533203125
vt 0.91015625 0.2421875
vt 0.896484375 0.533203125
vt 0.91015625 0.2421875
vt 0.896484375 0.2421875
vt 0.91015625 0.2421875
vt 0.921875 0.2421875
vt 0.921875 0.236328125
vt 0.91015625 0.2421875
vt 0.921875 0.236328125
vt 0.91015625 0.236328125
vt 0.888671875 0.2421875
vt 0.896484375 0.2421875
vt 0.896484375 0.236328125
vt 0.888671875 0.2421875
vt 0.896484375 0.236328125
vt 0.888671875 0.236328125
vt 0.896484375 0.2421875
vt 0.91015625 0.2421875
vt 0.91015625 0.236328125
vt 0.896484375 0.2421875
vt 0.91015625 0.236328125
vt 0.896484375 0.236328125
vt 0.91015625 0.236328125
vt 0.921875 0.236328125
vt 0.921875 0.216796875
vt 0.91015625 0.236328125
vt 0.921875 0.216796875
vt 0.91015625 0.216796875
vt 0.888671875 0.236328125
vt 0.896484375 0.236328125
vt 0.896484375 0.216796875
vt 0.888671875 0.236328125
vt 0.896484375 0.216796875
vt 0.888671875 0.216796875
vt 0.896484375 0.236328125
vt 0.91015625 0.236328125
vt 0.91015625 0.216796875
vt 0.896484375 0.236328125
vt 0.91015625 0.216796875
vt 0.896484375 0.216796875
vt 0.91015625 0.533203125
vt 0.921875 0.533203125
vt 0.921875 0.2421875
vt 0.91015625 0.533203125
vt 0.921875 0.2421875
vt 0.91015625 0.2421875
vt 0.888671875 0.533203125
vt 0.896484375 0.533203125
vt 0.896484375 0.2421875
vt 0.888671875 0.533203125
vt 0.896484375 0.2421875
vt 0.888671875 0.2421875
vt 0.896484375 0.533203125
vt 0.91015625 0.533203125
vt 0.91015625 0.2421875
vt 0.896484375 0.533203125
vt 0.91015625 0.2421875
vt 0.896484375 0.2421875
vt 0.91015625 0.2421875
vt 0.921875 0.2421875
vt 0.921875 0.236328125
vt 0.91015625 0.2421875
vt 0.921875 0.236328125
vt 0.91015625 0.236328125
vt 0.888671875 0.2421875
vt 0.896484375 0.2421875
vt 0.896484375 0.236328125
vt 0.888671875 0.2421875
vt 0.896484375 0.236328125
vt 0.888671875 0.236328125
vt 0.896484375 0.2421875
vt 0.91015625 0.2421875
vt 0.91015625 0.236328125
vt 0.896484375 0.2421875
vt 0.91015625 0.236328125
vt 0.896484375 0.236328125
vt 0.91015625 0.236328125
vt 0.921875 0.236328125
vt 0.921875 0.216796875
vt 0.91015625 0.236328125
vt 0.921875 0.216796875
vt 0.91015625 0.216796875
vt 0.888671875 0.236328125
vt 0.896484375 0.236328125
vt 0.896484375 0.216796875
vt 0.888671875 0.236328125
vt 0.896484375 0.216796875
vt 0.888671875 0.216796875
vt 0.896484375 0.236328125
vt 0.91015625 0.236328125
vt 0.91015625 0.216796875
vt 0.896484375 0.236328125
vt 0.91015625 0.216796875
vt 0.896484375 0.216796875
vt 0.888671875 0.515625
vt 0.896484375 0.515625
vt 0.896484375 0.45703125
vt 0.888671875 0.515625
vt 0.896484375 0.45703125
vt 0.888671875 0.45703125
vt 0.896484375 0.45703125
vt 0.896484375 0.515625
vt 0.91015625 0.515625
vt 0.896484375 0.45703125
vt 0.91015625 0.515625
vt 0.91015625 0.45703125
vt 0.91015625 0.515625
vt 0.919921875 0.515625
vt 0.919921875 0.45703125
vt 0.91015625 0.515625
vt 0.919921875 0.45703125
vt 0.91015625 0.45703125
vt 0.888671875 0.45703125
vt 0.896484375 0.45703125
vt 0.896484375 0.40625
vt 0.888671875 0.45703125
vt 0.896484375 0.40625
vt 0.888671875 0.40625
vt 0.91015625 0.45703125
vt 0.919921875 0.45703125
vt 0.919921875 0.40625
vt 0.91015625 0.45703125
vt 0.919921875 0.40625
vt 0.91015625 0.40625
vt 0.896484375 0.45703125
vt 0.91015625 0.45703125
vt 0.91015625 0.40625
vt 0.896484375 0.45703125
vt 0.91015625 0.40625
vt 0.896484375 0.40625
vt 0.896484375 0.515625
vt 0.888671875 0.515625
vt 0.896484375 0.525390625
vt 0.896484375 0.40625
vt 0.896484375 0.3984375
vt 0.888671875 0.40625
vt 0.888671875 0.515625
vt 0.896484375 0.515625
vt 0.896484375 0.45703125
vt 0.888671875 0.515625
vt 0.896484375 0.45703125
vt 0.888671875 0.45703125
vt 0.896484375 0.45703125
vt 0.896484375 0.515625
vt 0.91015625 0.515625
vt 0.896484375 0.45703125
vt 0.91015625 0.515625
vt 0.91015625 0.45703125
vt 0.91015625 0.515625
vt 0.919921875 0.515625
vt 0.919921875 0.45703125
vt 0.91015625 0.515625
vt 0.919921875 0.45703125
vt 0.91015625 0.45703125
vt 0.888671875 0.45703125
vt 0.896484375 0.45703125
vt 0.896484375 0.40625
vt 0.888671875 0.45703125
vt 0.896484375 0.40625
vt 0.888671875 0.40625
vt 0.91015625 0.45703125
vt 0.919921875 0.45703125
vt 0.919921875 0.40625
vt 0.91015625 0.45703125
vt 0.919921875 0.40625
vt 0.91015625 0.40625
vt 0.896484375 0.45703125
vt 0.91015625 0.45703125
vt 0.91015625 0.40625
vt 0.896484375 0.45703125
vt 0.91015625 0.40625
vt 0.896484375 0.40625
vt 0.896484375 0.515625
vt 0.888671875 0.515625
vt 0.896484375 0.525390625
vt 0.896484375 0.40625
vt 0.896484375 0.3984375
vt 0.888671875 0.40625
vt 0.888671875 0.515625
vt 0.896484375 0.515625
vt 0.896484375 0.45703125
vt 0.888671875 0.515625
vt 0.896484375 0.45703125
vt 0.888671875 0.45703125
vt 0.896484375 0.45703125
vt 0.896484375 0.515625
vt 0.91015625 0.515625
vt 0.896484375 0.45703125
vt 0.91015625 0.515625
vt 0.91015625 0.45703125
vt 0.91015625 0.515625
vt 0.919921875 0.515625
vt 0.919921875 0.45703125
vt 0.91015625 0.515625
vt 0.919921875 0.45703125
vt 0.91015625 0.45703125
vt 0.888671875 0.45703125
vt 0.896484375 0.45703125
vt 0.896484375 0.40625
vt 0.888671875 0.45703125
vt 0.896484375 0.40625
vt 0.888671875 0.40625
vt 0.91015625 0.45703125
vt 0.919921875 0.45703125
vt 0.919921875 0.40625
vt 0.91015625 0.45703125
vt 0.919921875 0.40625
vt 0.91015625 0.40625
vt 0.896484375 0.45703125
vt 0.91015625 0.45703125
vt 0.91015625 0.40625
vt 0.896484375 0.45703125
vt 0.91015625 0.40625
vt 0.896484375 0.40625
vt 0.896484375 0.515625
vt 0.888671875 0.515625
vt 0.896484375 0.525390625
vt 0.896484375 0.40625
vt 0.896484375 0.3984375
vt 0.888671875 0.40625
vt 0.888671875 0.515625
vt 0.896484375 0.515625
vt 0.896484375 0.45703125
vt 0.888671875 0.515625
vt 0.896484375 0.45703125
vt 0.888671875 0.45703125
vt 0.896484375 0.45703125
vt 0.896484375 0.515625
vt 0.91015625 0.515625
vt 0.896484375 0.45703125
vt 0.91015625 0.515625
vt 0.91015625 0.45703125
vt 0.91015625 0.515625
vt 0.919921875 0.515625
vt 0.919921875 0.45703125
vt 0.91015625 0.515625
vt 0.919921875 0.45703125
vt 0.91015625 0.45703125
vt 0.888671875 0.45703125
vt 0.896484375 0.45703125
vt 0.896484375 0.40625
vt 0.888671875 0.45703125
vt 0.896484375 0.40625
vt 0.888671875 0.40625
vt 0.91015625 0.45703125
vt 0.919921875 0.45703125
vt 0.919921875 0.40625
vt 0.91015625 0.45703125
vt 0.919921875 0.40625
vt 0.91015625 0.40625
vt 0.896484375 0.45703125
vt 0.91015625 0.45703125
vt 0.91015625 0.40625
vt 0.896484375 0.45703125
vt 0.91015625 0.40625
vt 0.896484375 0.40625
vt 0.896484375 0.515625
vt 0.888671875 0.515625
vt 0.896484375 0.525390625
vt 0.896484375 0.40625
vt 0.896484375 0.3984375
vt 0.888671875 0.40625
vt 0.888671875 0.515625
vt 0.896484375 0.515625
vt 0.896484375 0.45703125
vt 0.888671875 0.515625
vt 0.896484375 0.45703125
vt 0.888671875 0.45703125
vt 0.896484375 0.45703125
vt 0.896484375 0.515625
vt 0.91015625 0.515625
vt 0.896484375 0.45703125
vt 0.91015625 0.515625
vt 0.91015625 0.45703125
vt 0.91015625 0.515625
vt 0.919921875 0.515625
vt 0.919921875 0.45703125
vt 0.91015625 0.515625
vt 0.919921875 0.45703125
vt 0.91015625 0.45703125
vt 0.888671875 0.45703125
vt 0.896484375 0.45703125
vt 0.896484375 0.40625
vt 0.888671875 0.45703125
vt 0.896484375 0.40625
vt 0.888671875 0.40625
vt 0.91015625 0.45703125
vt 0.919921875 0.45703125
vt 0.919921875 0.40625
vt 0.91015625 0.45703125
vt 0.919921875 0.40625
vt 0.91015625 0.40625
vt 0.896484375 0.45703125
vt 0.91015625 0.45703125
vt 0.91015625 0.40625
vt 0.896484375 0.45703125
vt 0.91015625 0.40625
vt 0.896484375 0.40625
vt 0.896484375 0.515625
vt 0.888671875 0.515625
vt 0.896484375 0.525390625
vt 0.896484375 0.40625
vt 0.896484375 0.3984375
vt 0.888671875 0.40625
vt 0.919921875 0.703125
vt 0.939453125 0.703125
vt 0.939453125 0.59375
vt 0.919921875 0.703125
vt 0.939453125 0.59375
vt 0.919921875 0.59375
vt 0.939453125 0.703125
vt 0.958984375 0.703125
vt 0.958984375 0.59375
vt 0.939453125 0.703125
vt 0.958984375 0.59375
vt 0.939453125 0.59375
vt 0.859375 0.703125
vt 0.87890625 0.703125
vt 0.87890625 0.59375
vt 0.859375 0.703125
vt 0.87890625 0.59375
vt 0.859375 0.59375
vt 0.87890625 0.703125
vt 0.8984375 0.703125
vt 0.8984375 0.59375
vt 0.87890625 0.703125
vt 0.8984375 0.59375
vt 0.87890625 0.59375
vt 0.8984375 0.703125
vt 0.919921875 0.703125
vt 0.919921875 0.59375
vt 0.8984375 0.703125
vt 0.919921875 0.59375
vt 0.8984375 0.59375
vt 0.919921875 0.59375
vt 0.939453125 0.59375
vt 0.939453125 0.58203125
vt 0.919921875 0.59375
vt 0.939453125 0.58203125
vt 0.919921875 0.58203125
vt 0.939453125 0.59375
vt 0.958984375 0.59375
vt 0.958984375 0.58203125
vt 0.939453125 0.59375
vt 0.958984375 0.58203125
vt 0.939453125 0.58203125
vt 0.859375 0.59375
vt 0.87890625 0.59375
vt 0.87890625 0.58203125
vt 0.859375 0.59375
vt 0.87890625 0.58203125
vt 0.859375 0.58203125
vt 0.87890625 0.59375
vt 0.8984375 0.59375
vt 0.8984375 0.58203125
vt 0.87890625 0.59375
vt 0.8984375 0.58203125
vt 0.87890625 0.58203125
vt 0.8984375 0.59375
vt 0.919921875 0.59375
vt 0.919921875 0.58203125
vt 0.8984375 0.59375
vt 0.919921875 0.58203125
vt 0.8984375 0.58203125
vt 0.919921875 0.58203125
vt 0.939453125 0.58203125
vt 0.939453125 0.568359375
vt 0.919921875 0.58203125
vt 0.939453125 0.568359375
vt 0.919921875 0.568359375
vt 0.939453125 0.58203125
vt 0.958984375 0.58203125
vt 0.958984375 0.568359375
vt 0.939453125 0.58203125
vt 0.958984375 0.568359375
vt 0.939453125 0.568359375
vt 0.859375 0.58203125
vt 0.87890625 0.58203125
vt 0.87890625 0.568359375
vt 0.859375 0.58203125
vt 0.87890625 0.568359375
vt 0.859375 0.568359375
vt 0.87890625 0.58203125
vt 0.8984375 0.58203125
vt 0.8984375 0.568359375
vt 0.87890625 0.58203125
vt 0.8984375 0.568359375
vt 0.87890625 0.568359375
vt 0.8984375 0.58203125
vt 0.919921875 0.58203125
vt 0.919921875 0.568359375
vt 0.8984375 0.58203125
vt 0.919921875 0.568359375
vt 0.8984375 0.568359375
vt 0.919921875 0.568359375
vt 0.939453125 0.568359375
vt 0.939453125 0.556640625
vt 0.919921875 0.568359375
vt 0.939453125 0.556640625
vt 0.919921875 0.556640625
vt 0.939453125 0.568359375
vt 0.958984375 0.568359375
vt 0.958984375 0.556640625
vt 0.939453125 0.568359375
vt 0.958984375 0.556640625
vt 0.939453125 0.556640625
vt 0.859375 0.568359375
vt 0.87890625 0.568359375
vt 0.87890625 0.556640625
vt 0.859375 0.568359375
vt 0.87890625 0.556640625
vt 0.859375 0.556640625
vt 0.87890625 0.568359375
vt 0.8984375 0.568359375
vt 0.8984375 0.556640625
vt 0.87890625 0.568359375
vt 0.8984375 0.556640625
vt 0.87890625 0.556640625
vt 0.8984375 0.568359375
vt 0.919921875 0.568359375
vt 0.919921875 0.556640625
vt 0.8984375 0.568359375
vt 0.919921875 0.556640625
vt 0.8984375 0.556640625
vt 0.919921875 0.556640625
vt 0.939453125 0.556640625
vt 0.927734375 0.544921875
vt 0.939453125 0.556640625
vt 0.958984375 0.556640625
vt 0.947265625 0.544921875
vt 0.859375 0.556640625
vt 0.87890625 0.556640625
vt 0.87109375 0.544921875
vt 0.87890625 0.556640625
vt 0.8984375 0.556640625
vt 0.888671875 0.544921875
vt 0.8984375 0.556640625
vt 0.919921875 0.556640625
vt 0.908203125 0.544921875
vt 0.91015625 0.33203125
vt 0.896484375 0.33203125
vt 0.896484375 0.400390625
vt 0.91015625 0.33203125
vt 0.896484375 0.400390625
vt 0.91015625 0.400390625
vt 0.896484375 0.33203125
vt 0.888671875 0.33203125
vt 0.888671875 0.400390625
vt 0.896484375 0.33203125
vt 0.888671875 0.400390625
vt 0.896484375 0.400390625
vt 0.919921875 0.33203125
vt 0.91015625 0.33203125
vt 0.91015625 0.400390625
vt 0.919921875 0.33203125
vt 0.91015625 0.400390625
vt 0.919921875 0.400390625
vt 0.91015625 0.466796875
vt 0.896484375 0.466796875
vt 0.896484375 0.533203125
vt 0.91015625 0.466796875
vt 0.896484375 0.533203125
vt 0.91015625 0.533203125
vt 0.919921875 0.466796875
vt 0.91015625 0.466796875
vt 0.91015625 0.533203125
vt 0.919921875 0.466796875
vt 0.91015625 0.533203125
vt 0.919921875 0.533203125
vt 0.896484375 0.466796875
vt 0.888671875 0.466796875
vt 0.888671875 0.533203125
vt 0.896484375 0.466796875
vt 0.888671875 0.533203125
vt 0.896484375 0.533203125
vt 0.91015625 0.400390625
vt 0.896484375 0.400390625
vt 0.896484375 0.466796875
vt 0.91015625 0.400390625
vt 0.896484375 0.466796875
vt 0.91015625 0.466796875
vt 0.919921875 0.400390625
vt 0.91015625 0.400390625
vt 0.91015625 0.466796875
vt 0.919921875 0.400390625
vt 0.91015625 0.466796875
vt 0.919921875 0.466796875
vt 0.896484375 0.400390625
vt 0.888671875 0.400390625
vt 0.888671875 0.466796875
vt 0.896484375 0.400390625
vt 0.888671875 0.466796875
vt 0.896484375 0.466796875
vt 0.919921875 0.703125
vt 0.939453125 0.703125
vt 0.939453125 0.59375
vt 0.919921875 0.703125
vt 0.939453125 0.59375
vt 0.919921875 0.59375
vt 0.939453125 0.703125
vt 0.958984375 0.703125
vt 0.958984375 0.59375
vt 0.939453125 0.703125
vt 0.958984375 0.59375
vt 0.939453125 0.59375
vt 0.859375 0.703125
vt 0.87890625 0.703125
vt 0.87890625 0.59375
vt 0.859375 0.703125
vt 0.87890625 0.59375
vt 0.859375 0.59375
vt 0.87890625 0.703125
vt 0.8984375 0.703125
vt 0.8984375 0.59375
vt 0.87890625 0.703125
vt 0.8984375 0.59375
vt 0.87890625 0.59375
vt 0.8984375 0.703125
vt 0.919921875 0.703125
vt 0.919921875 0.59375
vt 0.8984375 0.703125
vt 0.919921875 0.59375
vt 0.8984375 0.59375
vt 0.919921875 0.59375
vt 0.939453125 0.59375
vt 0.939453125 0.58203125
vt 0.919921875 0.59375
vt 0.939453125 0.58203125
vt 0.919921875 0.58203125
vt 0.939453125 0.59375
vt 0.958984375 0.59375
vt 0.958984375 0.58203125
vt 0.939453125 0.59375
vt 0.958984375 0.58203125
vt 0.939453125 0.58203125
vt 0.859375 0.59375
vt 0.87890625 0.59375
vt 0.87890625 0.58203125
vt 0.859375 0.59375
vt 0.87890625 0.58203125
vt 0.859375 0.58203125
vt 0.87890625 0.59375
vt 0.8984375 0.59375
vt 0.8984375 0.58203125
vt 0.87890625 0.59375
vt 0.8984375 0.58203125
vt 0.87890625 0.58203125
vt 0.8984375 0.59375
vt 0.919921875 0.59375
vt 0.919921875 0.58203125
vt 0.8984375 0.59375
vt 0.919921875 0.58203125
vt 0.8984375 0.58203125
vt 0.919921875 0.58203125
vt 0.939453125 0.58203125
vt 0.939453125 0.568359375
vt 0.919921875 0.58203125
vt 0.939453125 0.568359375
vt 0.919921875 0.568359375
vt 0.939453125 0.58203125
vt 0.958984375 0.58203125
vt 0.958984375 0.568359375
vt 0.939453125 0.58203125
vt 0.958984375 0.568359375
vt 0.939453125 0.568359375
vt 0.859375 0.58203125
vt 0.87890625 0.58203125
vt 0.87890625 0.568359375
vt 0.859375 0.58203125
vt 0.87890625 0.568359375
vt 0.859375 0.568359375
vt 0.87890625 0.58203125
vt 0.8984375 0.58203125
vt 0.8984375 0.568359375
vt 0.87890625 0.58203125
vt 0.8984375 0.568359375
vt 0.87890625 0.568359375
vt 0.8984375 0.58203125
vt 0.919921875 0.58203125
vt 0.919921875 0.568359375
vt 0.8984375 0.58203125
vt 0.919921875 0.568359375
vt 0.8984375 0.568359375
vt 0.919921875 0.568359375
vt 0.939453125 0.568359375
vt 0.939453125 0.556640625
vt 0.919921875 0.568359375
vt 0.939453125 0.556640625
vt 0.919921875 0.556640625
vt 0.939453125 0.568359375
vt 0.958984375 0.568359375
vt 0.958984375 0.556640625
vt 0.939453125 0.568359375
vt 0.958984375 0.556640625
vt 0.939453125 0.556640625
vt 0.859375 0.568359375
vt 0.87890625 0.568359375
vt 0.87890625 0.556640625
vt 0.859375 0.568359375
vt 0.87890625 0.556640625
vt 0.859375 0.556640625
vt 0.87890625 0.568359375
vt 0.8984375 0.568359375
vt 0.8984375 0.556640625
vt 0.87890625 0.568359375
vt 0.8984375 0.556640625
vt 0.87890625 0.556640625
vt 0.8984375 0.568359375
vt 0.919921875 0.568359375
vt 0.919921875 0.556640625
vt 0.8984375 0.568359375
vt 0.919921875 0.556640625
vt 0.8984375 0.556640625
vt 0.919921875 0.556640625
vt 0.939453125 0.556640625
vt 0.927734375 0.544921875
vt 0.939453125 0.556640625
vt 0.958984375 0.556640625
vt 0.9453125 0.544921875
vt 0.859375 0.556640625
vt 0.87890625 0.556640625
vt 0.87109375 0.544921875
vt 0.87890625 0.556640625
vt 0.8984375 0.556640625
vt 0.888671875 0.544921875
vt 0.8984375 0.556640625
vt 0.919921875 0.556640625
vt 0.908203125 0.544921875
vt 0.91015625 0.33203125
vt 0.896484375 0.33203125
vt 0.896484375 0.400390625
vt 0.91015625 0.33203125
vt 0.896484375 0.400390625
vt 0.91015625 0.400390625
vt 0.896484375 0.33203125
vt 0.888671875 0.33203125
vt 0.888671875 0.400390625
vt 0.896484375 0.33203125
vt 0.888671875 0.400390625
vt 0.896484375 0.400390625
vt 0.919921875 0.33203125
vt 0.91015625 0.33203125
vt 0.91015625 0.400390625
vt 0.919921875 0.33203125
vt 0.91015625 0.400390625
vt 0.919921875 0.400390625
vt 0.91015625 0.466796875
vt 0.896484375 0.466796875
vt 0.896484375 0.533203125
vt 0.91015625 0.466796875
vt 0.896484375 0.533203125
vt 0.91015625 0.533203125
vt 0.919921875 0.466796875
vt 0.91015625 0.466796875
vt 0.91015625 0.533203125
vt 0.919921875 0.466796875
vt 0.91015625 0.533203125
vt 0.919921875 0.533203125
vt 0.896484375 0.466796875
vt 0.888671875 0.466796875
vt 0.888671875 0.533203125
vt 0.896484375 0.466796875
vt 0.888671875 0.533203125
vt 0.896484375 0.533203125
vt 0.91015625 0.400390625
vt 0.896484375 0.400390625
vt 0.896484375 0.466796875
vt 0.91015625 0.400390625
vt 0.896484375 0.466796875
vt 0.91015625 0.466796875
vt 0.919921875 0.400390625
vt 0.91015625 0.400390625
vt 0.91015625 0.466796875
vt 0.919921875 0.400390625
vt 0.91015625 0.466796875
vt 0.919921875 0.466796875
vt 0.896484375 0.400390625
vt 0.888671875 0.400390625
vt 0.888671875 0.466796875
vt 0.896484375 0.400390625
vt 0.888671875 0.466796875
vt 0.896484375 0.466796875
vt 0.919921875 0.703125
vt 0.939453125 0.703125
vt 0.939453125 0.59375
vt 0.919921875 0.703125
vt 0.939453125 0.59375
vt 0.919921875 0.59375
vt 0.939453125 0.703125
vt 0.958984375 0.703125
vt 0.958984375 0.59375
vt 0.939453125 0.703125
vt 0.958984375 0.59375
vt 0.939453125 0.59375
vt 0.859375 0.703125
vt 0.87890625 0.703125
vt 0.87890625 0.59375
vt 0.859375 0.703125
vt 0.87890625 0.59375
vt 0.859375 0.59375
vt 0.87890625 0.703125
vt 0.8984375 0.703125
vt 0.8984375 0.59375
vt 0.87890625 0.703125
vt 0.8984375 0.59375
vt 0.87890625 0.59375
vt 0.8984375 0.703125
vt 0.919921875 0.703125
vt 0.919921875 0.59375
vt 0.8984375 0.703125
vt 0.919921875 0.59375
vt 0.8984375 0.59375
vt 0.919921875 0.59375
vt 0.939453125 0.59375
vt 0.939453125 0.58203125
vt 0.919921875 0.59375
vt 0.939453125 0.58203125
vt 0.919921875 0.58203125
vt 0.939453125 0.59375
vt 0.958984375 0.59375
vt 0.958984375 0.58203125
vt 0.939453125 0.59375
vt 0.958984375 0.58203125
vt 0.939453125 0.58203125
vt 0.859375 0.59375
vt 0.87890625 0.59375
vt 0.87890625 0.58203125
vt 0.859375 0.59375
vt 0.87890625 0.58203125
vt 0.859375 0.58203125
vt 0.87890625 0.59375
vt 0.8984375 0.59375
vt 0.8984375 0.58203125
vt 0.87890625 0.59375
vt 0.8984375 0.58203125
vt 0.87890625 0.58203125
vt 0.8984375 0.59375
vt 0.919921875 0.59375
vt 0.919921875 0.58203125
vt 0.8984375 0.59375
vt 0.919921875 0.58203125
vt 0.8984375 0.58203125
vt 0.919921875 0.58203125
vt 0.939453125 0.58203125
vt 0.939453125 0.568359375
vt 0.919921875 0.58203125
vt 0.939453125 0.568359375
vt 0.919921875 0.568359375
vt 0.939453125 0.58203125
vt 0.958984375 0.58203125
vt 0.958984375 0.568359375
vt 0.939453125 0.58203125
vt 0.958984375 0.568359375
vt 0.939453125 0.568359375
vt 0.859375 0.58203125
vt 0.87890625 0.58203125
vt 0.87890625 0.568359375
vt 0.859375 0.58203125
vt 0.87890625 0.568359375
vt 0.859375 0.568359375
vt 0.87890625 0.58203125
vt 0.8984375 0.58203125
vt 0.8984375 0.568359375
vt 0.87890625 0.58203125
vt 0.8984375 0.568359375
vt 0.87890625 0.568359375
vt 0.8984375 0.58203125
vt 0.919921875 0.58203125
vt 0.919921875 0.568359375
vt 0.8984375 0.58203125
vt 0.919921875 0.568359375
vt 0.8984375 0.568359375
vt 0.919921875 0.568359375
vt 0.939453125 0.568359375
vt 0.939453125 0.556640625
vt 0.919921875 0.568359375
vt 0.939453125 0.556640625
vt 0.919921875 0.556640625
vt 0.939453125 0.568359375
vt 0.958984375 0.568359375
vt 0.958984375 0.556640625
vt 0.939453125 0.568359375
vt 0.958984375 0.556640625
vt 0.939453125 0.556640625
vt 0.859375 0.568359375
vt 0.87890625 0.568359375
vt 0.87890625 0.556640625
vt 0.859375 0.568359375
vt 0.87890625 0.556640625
vt 0.859375 0.556640625
vt 0.87890625 0.568359375
vt 0.8984375 0.568359375
vt 0.8984375 0.556640625
vt 0.87890625 0.568359375
vt 0.8984375 0.556640625
vt 0.87890625 0.556640625
vt 0.8984375 0.568359375
vt 0.919921875 0.568359375
vt 0.919921875 0.556640625
vt 0.8984375 0.568359375
vt 0.919921875 0.556640625
vt 0.8984375 0.556640625
vt 0.919921875 0.556640625
vt 0.939453125 0.556640625
vt 0.927734375 0.544921875
vt 0.939453125 0.556640625
vt 0.958984375 0.556640625
vt 0.9453125 0.544921875
vt 0.859375 0.556640625
vt 0.87890625 0.556640625
vt 0.87109375 0.544921875
vt 0.87890625 0.556640625
vt 0.8984375 0.556640625
vt 0.888671875 0.544921875
vt 0.8984375 0.556640625
vt 0.919921875 0.556640625
vt 0.908203125 0.544921875
vt 0.91015625 0.33203125
vt 0.896484375 0.33203125
vt 0.896484375 0.400390625
vt 0.91015625 0.33203125
vt 0.896484375 0.400390625
vt 0.91015625 0.400390625
vt 0.896484375 0.33203125
vt 0.888671875 0.33203125
vt 0.888671875 0.400390625
vt 0.896484375 0.33203125
vt 0.888671875 0.400390625
vt 0.896484375 0.400390625
vt 0.919921875 0.33203125
vt 0.91015625 0.33203125
vt 0.91015625 0.400390625
vt 0.919921875 0.33203125
vt 0.91015625 0.400390625
vt 0.919921875 0.400390625
vt 0.91015625 0.466796875
vt 0.896484375 0.466796875
vt 0.896484375 0.533203125
vt 0.91015625 0.466796875
vt 0.896484375 0.533203125
vt 0.91015625 0.533203125
vt 0.919921875 0.466796875
vt 0.91015625 0.466796875
vt 0.91015625 0.533203125
vt 0.919921875 0.466796875
vt 0.91015625 0.533203125
vt 0.919921875 0.533203125
vt 0.896484375 0.466796875
vt 0.888671875 0.466796875
vt 0.888671875 0.533203125
vt 0.896484375 0.466796875
vt 0.888671875 0.533203125
vt 0.896484375 0.533203125
vt 0.91015625 0.400390625
vt 0.896484375 0.400390625
vt 0.896484375 0.466796875
vt 0.91015625 0.400390625
vt 0.896484375 0.466796875
vt 0.91015625 0.466796875
vt 0.919921875 0.400390625
vt 0.91015625 0.400390625
vt 0.91015625 0.466796875
vt 0.919921875 0.400390625
vt 0.91015625 0.466796875
vt 0.919921875 0.466796875
vt 0.896484375 0.400390625
vt 0.888671875 0.400390625
vt 0.888671875 0.466796875
vt 0.896484375 0.400390625
vt 0.888671875 0.466796875
vt 0.896484375 0.466796875
vt 0.919921875 0.703125
vt 0.939453125 0.703125
vt 0.939453125 0.59375
vt 0.919921875 0.703125
vt 0.939453125 0.59375
vt 0.919921875 0.59375
vt 0.939453125 0.703125
vt 0.958984375 0.703125
vt 0.958984375 0.59375
vt 0.939453125 0.703125
vt 0.958984375 0.59375
vt 0.939453125 0.59375
vt 0.859375 0.703125
vt 0.87890625 0.703125
vt 0.87890625 0.59375
vt 0.859375 0.703125
vt 0.87890625 0.59375
vt 0.859375 0.59375
vt 0.87890625 0.703125
vt 0.8984375 0.703125
vt 0.8984375 0.59375
vt 0.87890625 0.703125
vt 0.8984375 0.59375
vt 0.87890625 0.59375
vt 0.8984375 0.703125
vt 0.919921875 0.703125
vt 0.919921875 0.59375
vt 0.8984375 0.703125
vt 0.919921875 0.59375
vt 0.8984375 0.59375
vt 0.919921875 0.59375
vt 0.939453125 0.59375
vt 0.939453125 0.58203125
vt 0.919921875 0.59375
vt 0.939453125 0.58203125
vt 0.919921875 0.58203125
vt 0.939453125 0.59375
vt 0.958984375 0.59375
vt 0.958984375 0.58203125
vt 0.939453125 0.59375
vt 0.958984375 0.58203125
vt 0.939453125 0.58203125
vt 0.859375 0.59375
vt 0.87890625 0.59375
vt 0.87890625 0.58203125
vt 0.859375 0.59375
vt 0.87890625 0.58203125
vt 0.859375 0.58203125
vt 0.87890625 0.59375
vt 0.8984375 0.59375
vt 0.8984375 0.58203125
vt 0.87890625 0.59375
vt 0.8984375 0.58203125
vt 0.87890625 0.58203125
vt 0.8984375 0.59375
vt 0.919921875 0.59375
vt 0.919921875 0.58203125
vt 0.8984375 0.59375
vt 0.919921875 0.58203125
vt 0.8984375 0.58203125
vt 0.919921875 0.58203125
vt 0.939453125 0.58203125
vt 0.939453125 0.568359375
vt 0.919921875 0.58203125
vt 0.939453125 0.568359375
vt 0.919921875 0.568359375
vt 0.939453125 0.58203125
vt 0.958984375 0.58203125
vt 0.958984375 0.568359375
vt 0.939453125 0.58203125
vt 0.958984375 0.568359375
vt 0.939453125 0.568359375
vt 0.859375 0.58203125
vt 0.87890625 0.58203125
vt 0.87890625 0.568359375
vt 0.859375 0.58203125
vt 0.87890625 0.568359375
vt 0.859375 0.568359375
vt 0.87890625 0.58203125
vt 0.8984375 0.58203125
vt 0.8984375 0.568359375
vt 0.87890625 0.58203125
vt 0.8984375 0.568359375
vt 0.87890625 0.568359375
vt 0.8984375 0.58203125
vt 0.919921875 0.58203125
vt 0.919921875 0.568359375
vt 0.8984375 0.58203125
vt 0.919921875 0.568359375
vt 0.8984375 0.568359375
vt 0.919921875 0.568359375
vt 0.939453125 0.568359375
vt 0.939453125 0.556640625
vt 0.919921875 0.568359375
vt 0.939453125 0.556640625
vt 0.919921875 0.556640625
vt 0.939453125 0.568359375
vt 0.958984375 0.568359375
vt 0.958984375 0.556640625
vt 0.939453125 0.568359375
vt 0.958984375 0.556640625
vt 0.939453125 0.556640625
vt 0.859375 0.568359375
vt 0.87890625 0.568359375
vt 0.87890625 0.556640625
vt 0.859375 0.568359375
vt 0.87890625 0.556640625
vt 0.859375 0.556640625
vt 0.87890625 0.568359375
vt 0.8984375 0.568359375
vt 0.8984375 0.556640625
vt 0.87890625 0.568359375
vt 0.8984375 0.556640625
vt 0.87890625 0.556640625
vt 0.8984375 0.568359375
vt 0.919921875 0.568359375
vt 0.919921875 0.556640625
vt 0.8984375 0.568359375
vt 0.919921875 0.556640625
vt 0.8984375 0.556640625
vt 0.919921875 0.556640625
vt 0.939453125 0.556640625
vt 0.927734375 0.544921875
vt 0.939453125 0.556640625
vt 0.958984375 0.556640625
vt 0.9453125 0.544921875
vt 0.859375 0.556640625
vt 0.87890625 0.556640625
vt 0.87109375 0.544921875
vt 0.87890625 0.556640625
vt 0.8984375 0.556640625
vt 0.888671875 0.544921875
vt 0.8984375 0.556640625
vt 0.919921875 0.556640625
vt 0.908203125 0.544921875
vt 0.6484375 0.486328125
vt 0.6484375 0.654296875
vt 0.662109375 0.654296875
vt 0.6484375 0.486328125
vt 0.662109375 0.654296875
vt 0.662109375 0.486328125
vt 0.6484375 0.486328125
vt 0.6484375 0.654296875
vt 0.662109375 0.654296875
vt 0.6484375 0.486328125
vt 0.662109375 0.654296875
vt 0.662109375 0.486328125
vn 0.0000011431288839950676 0.9999999999993467 0
vn 0.0000011431288839950676 0.9999999999993467 0
vn 0.0000011431288839950676 0.9999999999993467 0
vn 0.0000011431288839950676 0.9999999999993467 0
vn 0.0000011431288839950676 0.9999999999993467 0
vn 0.0000011431288839950676 0.9999999999993467 0
vn 1 0 0
vn 1 0 0
vn 1 0 0
vn 1 0 0
vn 1 0 0
vn 1 0 0
vn 0.000002886872607620511 0 0.9999999999958331
vn 0.000002886873062367862 0 0.9999999999958331
vn 0.0000028868728349941865 0 0.9999999999958331
vn 0.000002886872607620511 0 0.9999999999958331
vn 0.0000028868728349941865 0 0.9999999999958331
vn 0.0000028868732897415374 0 0.9999999999958331
vn -0.000002886876245599318 0 -0.9999999999958331
vn -0.000002886876245599318 0 -0.9999999999958331
vn -0.0000028868764729729936 0 -0.9999999999958331
vn -0.000002886876245599318 0 -0.9999999999958331
vn -0.0000028868764729729936 0 -0.9999999999958331
vn -0.000002886876245599318 0 -0.9999999999958331
vn 0.9999999999849654 -0.000003786516799607312 0.000003966350504865143
vn 0.9999999999846354 -0.000003786516799606063 -0.000004048668415572687
vn 0.9999999999846354 -0.0000037865172543534137 -0.000004048668870320038
vn 0.9999999999849654 -0.000003786516799607312 0.000003966350504865143
vn 0.9999999999846354 -0.0000037865172543534137 -0.000004048668870320038
vn 0.9999999999849654 -0.000003786517254354663 0.000003966350959612494
vn 0.9999999999846354 -0.000003786516799606063 -0.000004048668415572687
vn 0.9999999999708962 0 -0.00000762939725951206
vn 0.9999999999708962 0 -0.00000762939725951206
vn 0.9999999999846354 -0.000003786516799606063 -0.000004048668415572687
vn 0.9999999999708962 0 -0.00000762939725951206
vn 0.9999999999846354 -0.0000037865172543534137 -0.000004048668870320038
vn 0.9999999999708962 0 0.000007629393621533254
vn 0.9999999999849654 -0.000003786516799607312 0.000003966350504865143
vn 0.9999999999849654 -0.000003786517254354663 0.000003966350959612494
vn 0.9999999999708962 0 0.000007629393621533254
vn 0.9999999999849654 -0.000003786517254354663 0.000003966350959612494
vn 0.9999999999708962 0 0.000007629393621533254
vn -1.4665967285054492e-7 0 -0.9999999999999893
vn -1.4665967285054492e-7 0 -0.9999999999999893
vn -1.4665967285054492e-7 0 -0.9999999999999893
vn -1.4665967285054492e-7 0 -0.9999999999999893
vn -1.4665967285054492e-7 0 -0.9999999999999893
vn -1.4665967285054492e-7 0 -0.9999999999999893
vn 0 0 1
vn 0 0 1
vn 0 0 1
vn 0 0 1
vn 0 0 1
vn 0 0 1
vn -1 0 0
vn -0.9999999999999978 0 6.710512678864674e-8
vn -0.9999999999999978 0 6.710512678864674e-8
vn -1 0 0
vn -0.9999999999999978 0 6.710512678864674e-8
vn -1 0 0
vn 0.20376874572059608 0.9790190489808945 0
vn 0.20376871715571648 0.9790190549262632 0
vn 0.20376871715571648 0.9790190549262632 0
vn 0.20376874572059608 0.9790190489808945 0
vn 0.20376871715571648 0.9790190549262632 0
vn 0.20376871715571648 0.9790190549262632 0
vn 1 0 0
vn 1 0 0
vn 1 0 0
vn 1 0 0
vn 1 0 0
vn 1 0 0
vn 2.9212571917013185e-7 0 0.9999999999999574
vn 3.6784697954317354e-8 0 0.9999999999999993
vn 1.7262868823308707e-7 0 0.9999999999999851
vn 2.9212571917013185e-7 0 0.9999999999999574
vn 1.7262868823308707e-7 0 0.9999999999999851
vn 9.050503422255065e-7 0 0.9999999999995905
vn 0 0 -1
vn 0 0 -1
vn 0 0 -1
vn 0 0 -1
vn 0 0 -1
vn 0 0 -1
vn -1 0 0
vn -1 0 0
vn -1 0 0
vn -1 0 0
vn -1 0 0
vn -1 0 0
vn 7.249344236015511e-8 0 0.9999999999999973
vn 7.249344236015511e-8 0 0.9999999999999973
vn 7.249343525472776e-8 0 0.9999999999999973
vn 7.249344236015511e-8 0 0.9999999999999973
vn 7.249343525472776e-8 0 0.9999999999999973
vn 7.249344236015511e-8 0 0.9999999999999973
vn 1 0 -1.4269637027553017e-8
vn 1 0 -1.4269637027553017e-8
vn 1 0 -1.4269637027553017e-8
vn 1 0 -1.4269637027553017e-8
vn 1 0 -1.4269637027553017e-8
vn 1 0 -1.4269637027553017e-8
vn -1.4498688472030912e-7 0 -0.9999999999999896
vn -1.4498688472030912e-7 0 -0.9999999999999896
vn -1.4498688472030912e-7 0 -0.9999999999999896
vn -1.4498688472030912e-7 0 -0.9999999999999896
vn -1.4498688472030912e-7 0 -0.9999999999999896
vn -1.449868705094544e-7 0 -0.9999999999999896
vn 0.999999999999817 0 -6.048533691681572e-7
vn 1 0 0
vn 1 0 -1.6677297767059805e-14
vn 0.999999999999817 0 -6.048533691681572e-7
vn 1 0 -1.6677297767059805e-14
vn 0.999999999999817 0 -6.048530849510629e-7
vn -0.9999999999999978 0 6.710512678864674e-8
vn -1 0 -3.829792555407486e-15
vn -1 0 0
vn -0.9999999999999978 0 6.710512678864674e-8
vn -1 0 0
vn -0.9999999999999978 0 6.710512678864674e-8
vn 0 0 -1
vn 0 0 -1
vn 0 0 -1
vn 0 0 -1
vn 0 0 -1
vn 0 0 -1
vn 0 0 -1
vn 0 0 -1
vn 0 0 -1
vn 0 0 -1
vn 0 0 -1
vn 0 0 -1
vn 0.9999999999999993 0 -3.926628266981422e-8
vn 1 0 0
vn 1 0 0
vn 0.9999999999999993 0 -3.926628266981422e-8
vn 1 0 0
vn 1 0 -1.3326715730954675e-8
vn -1 0 -3.829792555407486e-15
vn -0.9999999999988063 0 -0.00000154519011630143
vn -0.9999999999988063 0 -0.0000015451905710487809
vn -1 0 -3.829792555407486e-15
vn -0.9999999999988063 0 -0.0000015451905710487809
vn -1 0 0
vn 0 0 1
vn 0 0 1
vn 0 0 1
vn 0 0 1
vn 0 0 1
vn 0 0 1
vn 3.6784697954317354e-8 0 0.9999999999999993
vn 0 0 1
vn 0 0 1
vn 3.6784697954317354e-8 0 0.9999999999999993
vn 0 0 1
vn 1.7262868823308707e-7 0 0.9999999999999851
vn 1 0 0
vn 1 0 0
vn 0.9999999999999865 0 1.6460843710319528e-7
vn 1 0 0
vn 0.9999999999999865 0 1.6460843710319528e-7
vn 1 0 -1.6677297767059805e-14
vn 1 0 0
vn 0.9999999999999993 0 -3.926628266981422e-8
vn 1 0 -1.3326715730954675e-8
vn 1 0 0
vn 1 0 -1.3326715730954675e-8
vn 0.9999999999999865 0 1.6460843710319528e-7
vn 0 0 -1
vn 0 0 -1
vn 0 0 -1
vn 0 0 -1
vn 0 0 -1
vn 0 0 -1
vn 0 0 -1
vn 0 0 -1
vn 0 0 -1
vn 0 0 -1
vn 0 0 -1
vn 0 0 -1
vn 0 0 -1
vn 0 0 -1
vn 0 0 -1
vn 0 0 -1
vn 0 0 -1
vn 0 0 -1
vn -1 0 0
vn -0.9999999999999978 0 6.710512678864674e-8
vn -0.9999999999999978 0 6.710512678864674e-8
vn -1 0 0
vn -0.9999999999999978 0 6.710512678864674e-8
vn -1 0 0
vn -0.9999999999999978 0 6.710512678864674e-8
vn -1 0 -5.3404237243092744e-15
vn -1 0 -3.829792555407486e-15
vn -0.9999999999999978 0 6.710512678864674e-8
vn -1 0 -3.829792555407486e-15
vn -0.9999999999999978 0 6.710512678864674e-8
vn -1 0 -5.3404237243092744e-15
vn -0.9999999999988063 0 -0.0000015451900026145923
vn -0.9999999999988063 0 -0.00000154519011630143
vn -1 0 -5.3404237243092744e-15
vn -0.9999999999988063 0 -0.00000154519011630143
vn -1 0 -3.829792555407486e-15
vn 0 0 1
vn 0 0 1
vn 3.6784697954317354e-8 0 0.9999999999999993
vn 0 0 1
vn 3.6784697954317354e-8 0 0.9999999999999993
vn 2.9212571917013185e-7 0 0.9999999999999574
vn 0 0 1
vn 0 0 1
vn 0 0 1
vn 0 0 1
vn 0 0 1
vn 3.6784697954317354e-8 0 0.9999999999999993
vn 0 0 1
vn 0 0 1
vn 0 0 1
vn 0 0 1
vn 0 0 1
vn 0 0 1
vn 1 0 0
vn 1 0 0
vn 1 0 0
vn 1 0 0
vn 1 0 0
vn 1 0 0
vn 1 0 -1.3326715730954675e-8
vn 1 0 0
vn 1 0 0
vn 1 0 -1.3326715730954675e-8
vn 1 0 0
vn 1 0 0
vn 1 0 -1.6677297767059805e-14
vn 0.9999999999999865 0 1.6460843710319528e-7
vn 0.9999999999999307 0 3.7264101138132136e-7
vn 1 0 -1.6677297767059805e-14
vn 0.9999999999999307 0 3.7264101138132136e-7
vn 1 0 -2.3255525042026153e-14
vn 0.999999999999817 0 -6.048530849510629e-7
vn 1 0 -1.6677297767059805e-14
vn 1 0 -2.3255525042026153e-14
vn 0.999999999999817 0 -6.048530849510629e-7
vn 1 0 -2.3255525042026153e-14
vn 0.999999999999817 0 -6.04853028107644e-7
vn -1 0 0
vn -1 0 0
vn -1 0 0
vn -1 0 0
vn -1 0 0
vn -1 0 0
vn 0 1 0
vn 0 1 0
vn 0 1 0
vn 0 1 0
vn 0 1 0
vn 0 1 0
vn 0.9999999999947673 0 -0.000003235018311880947
vn 0.9999999999947673 0 -0.000003235018311880947
vn 0.9999999999947673 0 -0.000003235018311880947
vn 0.9999999999947673 0 -0.000003235018311880947
vn 0.9999999999947673 0 -0.000003235018311880947
vn 0.9999999999947673 0 -0.000003235018311880947
vn 0 -1 0
vn 0 -1 0
vn 0 -1 0
vn 0 -1 0
vn 0 -1 0
vn 0 -1 0
vn 0 0 1
vn 0 0 1
vn 0 0 1
vn 0 0 1
vn 0 0 1
vn 0 0 1
vn -1 0 0
vn -1 0 0
vn -1 0 0
vn -1 0 0
vn -1 0 0
vn -1 0 0
vn 0 1 0
vn 0 1 0
vn 0 1 0
vn 0 1 0
vn 0 1 0
vn 0 1 0
vn 1 0 0
vn 1 0 0
vn 1 0 0
vn 1 0 0
vn 1 0 0
vn 1 0 0
vn 0 0 1
vn 0 0 1
vn 0 0 1
vn 0 0 1
vn 0 0 1
vn 0 0 1
vn -1 0 0
vn -1 0 0
vn -1 0 0
vn -1 0 0
vn -1 0 0
vn -1 0 0
vn 0 1 0
vn 0 1 0
vn 0 1 0
vn 0 1 0
vn 0 1 0
vn 0 1 0
vn 0.9999999999999978 0 -6.811958286334615e-8
vn 0.9999999999999978 0 -6.811958286334615e-8
vn 0.9999999999999978 0 -6.811958286334615e-8
vn 0.9999999999999978 0 -6.811958286334615e-8
vn 0.9999999999999978 0 -6.811958286334615e-8
vn 0.9999999999999978 0 -6.811958286334615e-8
vn 7.524569411998508e-8 0 0.9999999999999973
vn 7.524569411998508e-8 0 0.9999999999999973
vn 7.524569411998508e-8 0 0.9999999999999973
vn 7.524569411998508e-8 0 0.9999999999999973
vn 7.524569411998508e-8 0 0.9999999999999973
vn 7.524569411998508e-8 0 0.9999999999999973
vn 0 1 0
vn 0 1 0
vn 0 1 0
vn 0 1 0
vn 0 1 0
vn 0 1 0
vn 0 1 0
vn 0 1 0
vn 0 1 0
vn 0 1 0
vn 0 1 0
vn 0 1 0
vn 0 1 0
vn 0 1 0
vn 0 1 0
vn 0 1 0
vn 0 1 0
vn 0 1 0
vn 0 1 0
vn 0 1 0
vn 0 1 0
vn 0 1 0
vn 0 1 0
vn 0 1 0
vn 0 1 0
vn 0 1 0
vn 0 1 0
vn 0 1 0
vn 0 1 0
vn 0 1 0
vn 0 1 0
vn 0 1 0
vn 0 1 0
vn 0 1 0
vn 0 1 0
vn 0 1 0
vn 0 1 0
vn 0 1 0
vn 0 1 0
vn 0 1 0
vn 0 1 0
vn 0 1 0
vn 0 1 0
vn 0 1 0
vn 0 1 0
vn 0 1 0
vn 0 1 0
vn 0 1 0
vn 0 1 0
vn 0 1 0
vn 0 1 0
vn 0 1 0
vn 0 1 0
vn 0 1 0
vn -1 0 0
vn -1 0 0
vn -1 0 0
vn -1 0 0
vn -1 0 0
vn -1 0 0
vn 0 1 0
vn 0 1 0
vn 0 1 0
vn 0 1 0
vn 0 1 0
vn 0 1 0
vn 1 0 0
vn 1 0 0
vn 1 0 0
vn 1 0 0
vn 1 0 0
vn 1 0 0
vn 0 0 1
vn 0 0 1
vn 0 0 1
vn 0 0 1
vn 0 0 1
vn 0 0 1
vn -1 0 0
vn -1 0 0
vn -1 0 0
vn -1 0 0
vn -1 0 0
vn -1 0 0
vn 0 1 0
vn 0 1 0
vn 0 1 0
vn 0 1 0
vn 0 1 0
vn 0 1 0
vn 1 0 0
vn 1 0 0
vn 1 0 0
vn 1 0 0
vn 1 0 0
vn 1 0 0
vn 0 0 1
vn 0 0 1
vn 0 0 1
vn 0 0 1
vn 0 0 1
vn 0 0 1
vn -1 0 0
vn -1 0 0
vn -1 0 0
vn -1 0 0
vn -1 0 0
vn -1 0 0
vn 0 1 0
vn 0 1 0
vn 0 1 0
vn 0 1 0
vn 0 1 0
vn 0 1 0
vn 1 0 0
vn 1 0 0
vn 1 0 0
vn 1 0 0
vn 1 0 0
vn 1 0 0
vn 0 0 1
vn 0 0 1
vn 0 0 1
vn 0 0 1
vn 0 0 1
vn 0 0 1
vn -1 0 0
vn -1 0 0
vn -1 0 0
vn -1 0 0
vn -1 0 0
vn -1 0 0
vn 0 1 0
vn 0 1 0
vn 0 1 0
vn 0 1 0
vn 0 1 0
vn 0 1 0
vn 1 0 0
vn 1 0 0
vn 1 0 0
vn 1 0 0
vn 1 0 0
vn 1 0 0
vn 0 0 1
vn 0 0 1
vn 0 0 1
vn 0 0 1
vn 0 0 1
vn 0 0 1
vn -0.9999999999999998 0 2.0193363425846652e-8
vn -0.9999999999999998 0 2.0193363425846652e-8
vn -0.9999999999999998 0 2.0193363425846652e-8
vn -0.9999999999999998 0 2.0193363425846652e-8
vn -0.9999999999999998 0 2.0193363425846652e-8
vn -0.9999999999999998 0 2.0193363425846652e-8
vn 0 1 0
vn 0 1 0
vn 0 1 0
vn 0 1 0
vn 0 1 0
vn 0 1 0
vn 1 0 0
vn 1 0 0
vn 1 0 0
vn 1 0 0
vn 1 0 0
vn 1 0 0
vn 0 0 1
vn 0 0 1
vn 0 0 1
vn 0 0 1
vn 0 0 1
vn 0 0 1
vn 0 0 1
vn 0 0 1
vn 0 0 1
vn 0 0 1
vn 0 0 1
vn 0 0 1
vn 0.9999999999999805 0 1.9775630732965124e-7
vn 0.9999999999999805 0 1.9775630732965124e-7
vn 0.9999999999999805 0 1.9775630732965124e-7
vn 0.9999999999999805 0 1.9775630732965124e-7
vn 0.9999999999999805 0 1.9775630732965124e-7
vn 0.9999999999999805 0 1.9775630732965124e-7
vn 0 0.9117589877658882 0.41072563619540803
vn 0 0.9117589877658882 0.41072563619540803
vn 0 0.9117589877658882 0.41072563619540803
vn 0 0.9117589877658882 0.41072563619540803
vn 0 0.9117589877658882 0.41072563619540803
vn 0 0.9117589877658882 0.41072563619540803
vn -0.9999999999999805 0 -1.9775629311879652e-7
vn -0.9999999999999805 0 -1.9775629311879652e-7
vn -0.9999999999999805 0 -1.9775630732965124e-7
vn -0.9999999999999805 0 -1.9775629311879652e-7
vn -0.9999999999999805 0 -1.9775630732965124e-7
vn -0.9999999999999805 0 -1.9775629311879652e-7
vn -1 0 0
vn -1 0 0
vn -1 0 0
vn -1 0 0
vn -1 0 0
vn -1 0 0
vn 1 0 0
vn 1 0 0
vn 1 0 0
vn 1 0 0
vn 1 0 0
vn 1 0 0
vn 0 0 1
vn 0 0 1
vn 0 0 1
vn 0 0 1
vn 0 0 1
vn 0 0 1
vn 0 0 -1
vn 0 0 -1
vn 0 0 -1
vn 0 0 -1
vn 0 0 -1
vn 0 0 -1
vn -0.999999999999994 -1.0940911465695469e-7 0
vn -0.999999999999994 -1.0940910044609998e-7 0
vn -0.999999999999994 -1.0940911465695469e-7 0
vn -0.999999999999994 -1.0940911465695469e-7 0
vn -0.999999999999994 -1.0940911465695469e-7 0
vn -0.999999999999994 -1.0940910044609998e-7 0
vn 0.9999999999999842 -1.7757930947936703e-7 0
vn 0.9999999999999842 -1.7757930947936703e-7 0
vn 0.9999999999999842 -1.7757932369022175e-7 0
vn 0.9999999999999842 -1.7757930947936703e-7 0
vn 0.9999999999999842 -1.7757932369022175e-7 0
vn 0.9999999999999842 -1.7757929526851232e-7 0
vn -0.0000017514208820985428 0 0.9999999999984663
vn -0.0000017514208820985428 0 0.9999999999984663
vn -0.0000017514208820985428 0 0.9999999999984663
vn -0.0000017514208820985428 0 0.9999999999984663
vn -0.0000017514208820985428 0 0.9999999999984663
vn -0.0000017514208820985428 0 0.9999999999984663
vn 0.000001410160483259468 0.0013499932597460956 -0.9999990887576898
vn 0.000001410160483259468 0.0013499932597460956 -0.9999990887576898
vn 0.000001410160483259468 0.0013499932597460956 -0.9999990887576898
vn 0.000001410160483259468 0.0013499932597460956 -0.9999990887576898
vn 0.000001410160483259468 0.0013499932597460956 -0.9999990887576898
vn 0.000001410160483259468 0.0013499932597460956 -0.9999990887576898
vn -0.9999999999999187 -1.0940910044609174e-7 3.882235546370478e-7
vn -0.9999999999999187 -1.0940911465694646e-7 3.882235262153384e-7
vn -0.9999999999999187 -1.0940910044609174e-7 3.882235546370478e-7
vn -0.9999999999999187 -1.0940910044609174e-7 3.882235546370478e-7
vn -0.9999999999999187 -1.0940910044609174e-7 3.882235546370478e-7
vn -0.9999999999999187 -1.0940912176237382e-7 3.8822358305875724e-7
vn 0.999999999999909 -1.775794231661914e-7 -3.882236683238817e-7
vn 0.999999999999909 -1.775794231661914e-7 -3.882236683238817e-7
vn 0.999999999999909 -1.775794231661914e-7 -3.882236683238817e-7
vn 0.999999999999909 -1.775794231661914e-7 -3.882236683238817e-7
vn 0.999999999999909 -1.775794231661914e-7 -3.882236683238817e-7
vn 0.999999999999909 -1.775794231661914e-7 -3.882236399021723e-7
vn -0.0000013135661447438489 0 0.9999999999991374
vn -0.0000013135661447438489 0 0.9999999999991374
vn -0.0000013135661447438489 0 0.9999999999991374
vn -0.0000013135661447438489 0 0.9999999999991374
vn -0.0000013135661447438489 0 0.9999999999991374
vn -0.0000013135661447438489 0 0.9999999999991374
vn 0.0000017627001777485463 0.0013499929105000176 -0.9999990887576021
vn 0.000001762700291435382 0.0013499929105000176 -0.9999990887576021
vn 0.0000017627001777485463 0.0013499929105000176 -0.9999990887576021
vn 0.0000017627001777485463 0.0013499929105000176 -0.9999990887576021
vn 0.0000017627001777485463 0.0013499929105000176 -0.9999990887576021
vn 0.000001762700291435382 0.0013499929105000176 -0.9999990887576021
vn -0.9999999999999187 -1.0940912886780117e-7 3.882236399021761e-7
vn -0.9999999999999187 -1.0940913597322853e-7 3.882236399021761e-7
vn -0.9999999999999187 -1.0940912886780117e-7 3.8822366832388553e-7
vn -0.9999999999999187 -1.0940912886780117e-7 3.882236399021761e-7
vn -0.9999999999999187 -1.0940912886780117e-7 3.8822366832388553e-7
vn -0.9999999999999187 -1.0940912886780117e-7 3.882236399021761e-7
vn 0.999999999999909 -1.775794231661914e-7 -3.88223554637044e-7
vn 0.999999999999909 -1.775794231661914e-7 -3.8822361148046286e-7
vn 0.999999999999909 -1.775794231661914e-7 -3.8822361148046286e-7
vn 0.999999999999909 -1.775794231661914e-7 -3.88223554637044e-7
vn 0.999999999999909 -1.775794231661914e-7 -3.8822361148046286e-7
vn 0.999999999999909 -1.7757940895533667e-7 -3.8822361148046286e-7
vn -0.000001751421564219569 0 0.9999999999984663
vn -0.000001751421564219569 0 0.9999999999984663
vn -0.000001751421564219569 0 0.9999999999984663
vn -0.000001751421564219569 0 0.9999999999984663
vn -0.000001751421564219569 0 0.9999999999984663
vn -0.000001751421564219569 0 0.9999999999984663
vn 0.0000015864302168178271 0.0013499927940853083 -0.9999990887580544
vn 0.0000015864301031309913 0.0013499927940853083 -0.9999990887580544
vn 0.0000015864302168178271 0.0013499927940853083 -0.9999990887580544
vn 0.0000015864302168178271 0.0013499927940853083 -0.9999990887580544
vn 0.0000015864302168178271 0.0013499927940853083 -0.9999990887580544
vn 0.0000015864301031309913 0.0013499927940853083 -0.9999990887580544
vn -0.999999999999994 -1.0940910755152733e-7 0
vn -0.999999999999994 -1.0940911465695469e-7 0
vn -0.999999999999994 -1.0940910755152733e-7 0
vn -0.999999999999994 -1.0940910755152733e-7 0
vn -0.999999999999994 -1.0940910755152733e-7 0
vn -0.999999999999994 -1.0940910755152733e-7 0
vn 0.9999999999999842 -1.7757939474449533e-7 0
vn 0.9999999999999842 -1.7757940895535004e-7 0
vn 0.9999999999999842 -1.7757939474449533e-7 0
vn 0.9999999999999842 -1.7757939474449533e-7 0
vn 0.9999999999999842 -1.7757939474449533e-7 0
vn 0.9999999999999842 -1.775793805336406e-7 0
vn 0 0 1
vn 0 0 1
vn 0 0 1
vn 0 0 1
vn 0 0 1
vn 0 0 1
vn 0 0.0013499929105021146 -0.9999990887591556
vn 0 0.0013499929105021146 -0.9999990887591556
vn 0 0.0013499929105021146 -0.9999990887591556
vn 0 0.0013499929105021146 -0.9999990887591556
vn 0 0.0013499929105021146 -0.9999990887591556
vn 0 0.0013499929105021146 -0.9999990887591556
vn 0 0 1
vn 0 0 1
vn 0 0 1
vn 0 0 1
vn 0 0 1
vn 0 0 1
vn 0.9999999999999805 0 1.9775630732965124e-7
vn 0.9999999999999805 0 1.9775630732965124e-7
vn 0.9999999999999805 0 1.9775630732965124e-7
vn 0.9999999999999805 0 1.9775630732965124e-7
vn 0.9999999999999805 0 1.9775630732965124e-7
vn 0.9999999999999805 0 1.9775630732965124e-7
vn 0 0.9117589877658882 0.41072563619540803
vn 0 0.9117589877658882 0.41072563619540803
vn 0 0.9117589877658882 0.41072563619540803
vn 0 0.9117589877658882 0.41072563619540803
vn 0 0.9117589877658882 0.41072563619540803
vn 0 0.9117589877658882 0.41072563619540803
vn -0.9999999999999805 0 -1.9775629311879652e-7
vn -0.9999999999999805 0 -1.9775629311879652e-7
vn -0.9999999999999805 0 -1.9775630732965124e-7
vn -0.9999999999999805 0 -1.9775629311879652e-7
vn -0.9999999999999805 0 -1.9775630732965124e-7
vn -0.9999999999999805 0 -1.9775629311879652e-7
vn -1 0 0
vn -1 0 0
vn -1 0 0
vn -1 0 0
vn -1 0 0
vn -1 0 0
vn 1 0 0
vn 1 0 0
vn 1 0 0
vn 1 0 0
vn 1 0 0
vn 1 0 0
vn 0 0 1
vn 0 0 1
vn 0 0 1
vn 0 0 1
vn 0 0 1
vn 0 0 1
vn 0 0 -1
vn 0 0 -1
vn 0 0 -1
vn 0 0 -1
vn 0 0 -1
vn 0 0 -1
vn -1 1.599056886902872e-8 0
vn -1 1.599056709267188e-8 0
vn -1 1.599056709267188e-8 0
vn -1 1.599056886902872e-8 0
vn -1 1.599056709267188e-8 0
vn -1 1.599056709267188e-8 0
vn 0.9999999999999998 2.0408997158938288e-8 0
vn 0.9999999999999998 2.0408997158938288e-8 0
vn 0.9999999999999998 2.0408998935295127e-8 0
vn 0.9999999999999998 2.0408997158938288e-8 0
vn 0.9999999999999998 2.0408998935295127e-8 0
vn 0.9999999999999998 2.0408997158938288e-8 0
vn 8.757104410502786e-7 0 0.9999999999996165
vn 8.757104410502786e-7 0 0.9999999999996165
vn 8.757104410502786e-7 0 0.9999999999996165
vn 8.757104410502786e-7 0 0.9999999999996165
vn 8.757104410502786e-7 0 0.9999999999996165
vn 8.757104410502786e-7 0 0.9999999999996165
vn -0.0000014101604832603544 0.0013499927940856648 -0.9999990887583184
vn -0.0000014101604832603544 0.0013499927940856648 -0.9999990887583184
vn -0.0000014101604832603544 0.0013499927940856648 -0.9999990887583184
vn -0.0000014101604832603544 0.0013499927940856648 -0.9999990887583184
vn -0.0000014101604832603544 0.0013499927940856648 -0.9999990887583184
vn -0.0000014101604832603544 0.0013499927940856648 -0.9999990887583184
vn -0.9999999999999991 4.4184407244074424e-8 0
vn -0.9999999999999991 4.41844107967881e-8 0
vn -0.9999999999999991 4.418441434950178e-8 0
vn -0.9999999999999991 4.4184407244074424e-8 0
vn -0.9999999999999991 4.418441434950178e-8 0
vn -0.9999999999999991 4.4184407244074424e-8 0
vn 0.9999999999999998 2.0409007817079324e-8 0
vn 0.9999999999999998 2.0409009593436164e-8 0
vn 0.9999999999999998 2.0409009593436164e-8 0
vn 0.9999999999999998 2.0409007817079324e-8 0
vn 0.9999999999999998 2.0409009593436164e-8 0
vn 0.9999999999999998 2.0409009593436164e-8 0
vn 0 0 1
vn 0 0 1
vn 0 0 1
vn 0 0 1
vn 0 0 1
vn 0 0 1
vn 0.0000010576203328067696 0.0013508450690879836 -0.9999990876078243
vn 0.0000010576203328067696 0.0013508450690879836 -0.9999990876078243
vn 0.0000010576203328067696 0.0013508450690879836 -0.9999990876078243
vn 0.0000010576203328067696 0.0013508450690879836 -0.9999990876078243
vn 0.0000010576203328067696 0.0013508450690879836 -0.9999990876078243
vn 0.0000010576203328067696 0.0013508450690879836 -0.9999990876078243
vn -0.9999999999999991 4.418442145492914e-8 0
vn -0.9999999999999991 4.418442145492914e-8 0
vn -0.9999999999999991 4.418442500764282e-8 0
vn -0.9999999999999991 4.418442145492914e-8 0
vn -0.9999999999999991 4.418442500764282e-8 0
vn -0.9999999999999991 4.41844285603565e-8 0
vn 0.9999999999999998 2.0409009593436164e-8 0
vn 0.9999999999999998 2.0409007817079324e-8 0
vn 0.9999999999999998 2.0409009593436164e-8 0
vn 0.9999999999999998 2.0409009593436164e-8 0
vn 0.9999999999999998 2.0409009593436164e-8 0
vn 0.9999999999999998 2.0409007817079324e-8 0
vn 0 0 1
vn 0 0 1
vn 0 0 1
vn 0 0 1
vn 0 0 1
vn 0 0 1
vn 7.05080070289173e-7 0.0013508448362581885 -0.9999990876084494
vn 7.05080070289173e-7 0.0013508448362581885 -0.9999990876084494
vn 7.05080070289173e-7 0.0013508448362581885 -0.9999990876084494
vn 7.05080070289173e-7 0.0013508448362581885 -0.9999990876084494
vn 7.05080070289173e-7 0.0013508448362581885 -0.9999990876084494
vn 7.05080070289173e-7 0.0013508448362581885 -0.9999990876084494
vn -1 1.5990558210887684e-8 0
vn -1 1.5990561763601363e-8 0
vn -1 1.5990561763601363e-8 0
vn -1 1.5990558210887684e-8 0
vn -1 1.5990561763601363e-8 0
vn -1 1.5990561763601363e-8 0
vn 0.9999999999999998 2.0409006040722485e-8 0
vn 0.9999999999999998 2.0409006040722485e-8 0
vn 0.9999999999999998 2.0409006040722485e-8 0
vn 0.9999999999999998 2.0409006040722485e-8 0
vn 0.9999999999999998 2.0409006040722485e-8 0
vn 0.9999999999999998 2.0409006040722485e-8 0
vn 0 0 1
vn 0 0 1
vn 0 0 1
vn 0 0 1
vn 0 0 1
vn 0 0 1
vn 0 0.0013499925612567919 -0.9999990887596272
vn 0 0.0013499925612567919 -0.9999990887596272
vn 0 0.0013499925612567919 -0.9999990887596272
vn 0 0.0013499925612567919 -0.9999990887596272
vn 0 0.0013499925612567919 -0.9999990887596272
vn 0 0.0013499925612567919 -0.9999990887596272
vn -1 0 0
vn -1 0 0
vn -1 0 0
vn -1 0 0
vn -1 0 0
vn -1 0 0
vn 1 0 0
vn 1 0 0
vn 1 0 0
vn 1 0 0
vn 1 0 0
vn 1 0 0
vn 0 0 1
vn 0 0 1
vn 0 0 1
vn 0 0 1
vn 0 0 1
vn 0 0 1
vn 0 0 -1
vn 0 0 -1
vn 0 0 -1
vn 0 0 -1
vn 0 0 -1
vn 0 0 -1
vn -1 0 0
vn -1 0 0
vn -1 0 0
vn -1 0 0
vn -1 0 0
vn -1 0 0
vn 1 0 0
vn 1 0 0
vn 1 0 0
vn 1 0 0
vn 1 0 0
vn 1 0 0
vn 0 0 1
vn 0 0 1
vn 0 0 1
vn 0 0 1
vn 0 0 1
vn 0 0 1
vn 0 0 -1
vn 0 0 -1
vn 0 0 -1
vn 0 0 -1
vn 0 0 -1
vn 0 0 -1
vn 0.9345452866886835 0.1979638206319178 0.29569483060882257
vn 0.5701353965064748 0.2184344013748105 -0.7919798242041479
vn 0.5765248129676109 0.2183532637284916 -0.7873633165520078
vn 0.9345452866886835 0.1979638206319178 0.29569483060882257
vn 0.5765248129676109 0.2183532637284916 -0.7873633165520078
vn 0.9302480794070012 0.197703122608703 0.30911484285028085
vn 0.5701353965064748 0.2184344013748105 -0.7919798242041479
vn -0.569733306117526 0.21726919117663915 -0.7925894640139007
vn -0.5771466593364245 0.21715988594137212 -0.7872377770119617
vn 0.5701353965064748 0.2184344013748105 -0.7919798242041479
vn -0.5771466593364245 0.21715988594137212 -0.7872377770119617
vn 0.5765248129676109 0.2183532637284916 -0.7873633165520078
vn -0.569733306117526 0.21726919117663915 -0.7925894640139007
vn -0.9348433995779556 0.19601112155349332 0.2960531345770089
vn -0.9306825753030232 0.19576718893351838 0.3090390780538942
vn -0.569733306117526 0.21726919117663915 -0.7925894640139007
vn -0.9306825753030232 0.19576718893351838 0.3090390780538942
vn -0.5771466593364245 0.21715988594137212 -0.7872377770119617
vn -0.9348433995779556 0.19601112155349332 0.2960531345770089
vn 0.00041698131565664516 0.18377458934176932 0.9829683242296501
vn -0.0003723475633450368 0.18377375399463813 0.9829684983253584
vn -0.9348433995779556 0.19601112155349332 0.2960531345770089
vn -0.0003723475633450368 0.18377375399463813 0.9829684983253584
vn -0.9306825753030232 0.19576718893351838 0.3090390780538942
vn 0.00041698131565664516 0.18377458934176932 0.9829683242296501
vn 0.9345452866886835 0.1979638206319178 0.29569483060882257
vn 0.9302480794070012 0.197703122608703 0.30911484285028085
vn 0.00041698131565664516 0.18377458934176932 0.9829683242296501
vn 0.9302480794070012 0.197703122608703 0.30911484285028085
vn -0.0003723475633450368 0.18377375399463813 0.9829684983253584
vn 0.7079429502797217 -0.6678529265087547 0.22975910798689853
vn 0.43768870710127905 -0.6678501945242886 -0.602000592482998
vn 0.563811200096668 -0.2818459655994253 -0.776324534148498
vn 0.7079429502797217 -0.6678529265087547 0.22975910798689853
vn 0.563811200096668 -0.2818459655994253 -0.776324534148498
vn 0.9124440376835818 -0.28184866367834366 0.29666008979708447
vn 0.43768870710127905 -0.6678501945242886 -0.602000592482998
vn -0.4365829990416676 -0.6689432655622853 -0.6015897209948396
vn -0.5640764410040864 -0.2825109747566279 -0.7758900165914131
vn 0.43768870710127905 -0.6678501945242886 -0.602000592482998
vn -0.5640764410040864 -0.2825109747566279 -0.7758900165914131
vn 0.563811200096668 -0.2818459655994253 -0.776324534148498
vn -0.4365829990416676 -0.6689432655622853 -0.6015897209948396
vn -0.706354981678851 -0.6696167644909211 0.22951258913223124
vn -0.9122005010899885 -0.2829192251578399 0.29638987473809114
vn -0.4365829990416676 -0.6689432655622853 -0.6015897209948396
vn -0.9122005010899885 -0.2829192251578399 0.29638987473809114
vn -0.5640764410040864 -0.2825109747566279 -0.7758900165914131
vn -0.706354981678851 -0.6696167644909211 0.22951258913223124
vn 0.000407576649717461 -0.6689448976175421 0.7433118846303555
vn -0.0002867818145828873 -0.2825108800320425 0.9592640514580496
vn -0.706354981678851 -0.6696167644909211 0.22951258913223124
vn -0.0002867818145828873 -0.2825108800320425 0.9592640514580496
vn -0.9122005010899885 -0.2829192251578399 0.29638987473809114
vn 0.000407576649717461 -0.6689448976175421 0.7433118846303555
vn 0.7079429502797217 -0.6678529265087547 0.22975910798689853
vn 0.9124440376835818 -0.28184866367834366 0.29666008979708447
vn 0.000407576649717461 -0.6689448976175421 0.7433118846303555
vn 0.9124440376835818 -0.28184866367834366 0.29666008979708447
vn -0.0002867818145828873 -0.2825108800320425 0.9592640514580496
vn 0.9124440376835818 -0.28184866367834366 0.29666008979708447
vn 0.563811200096668 -0.2818459655994253 -0.776324534148498
vn 0.5637922117014331 0.28280901056257407 -0.7759880189599735
vn 0.9124440376835818 -0.28184866367834366 0.29666008979708447
vn 0.5637922117014331 0.28280901056257407 -0.7759880189599735
vn 0.9122311474666078 0.2828108966900321 0.296398937759797
vn 0.563811200096668 -0.2818459655994253 -0.776324534148498
vn -0.5640764410040864 -0.2825109747566279 -0.7758900165914131
vn -0.5637929342957022 0.2828090142437288 -0.7759874926187488
vn 0.563811200096668 -0.2818459655994253 -0.776324534148498
vn -0.5637929342957022 0.2828090142437288 -0.7759874926187488
vn 0.5637922117014331 0.28280901056257407 -0.7759880189599735
vn -0.5640764410040864 -0.2825109747566279 -0.7758900165914131
vn -0.9122005010899885 -0.2829192251578399 0.29638987473809114
vn -0.9122313084847415 0.2828097586847308 0.29639952802408537
vn -0.5640764410040864 -0.2825109747566279 -0.7758900165914131
vn -0.9122313084847415 0.2828097586847308 0.29639952802408537
vn -0.5637929342957022 0.2828090142437288 -0.7759874926187488
vn -0.9122005010899885 -0.2829192251578399 0.29638987473809114
vn -0.0002867818145828873 -0.2825108800320425 0.9592640514580496
vn 0 0.2828080875349182 0.9591765143209263
vn -0.9122005010899885 -0.2829192251578399 0.29638987473809114
vn 0 0.2828080875349182 0.9591765143209263
vn -0.9122313084847415 0.2828097586847308 0.29639952802408537
vn -0.0002867818145828873 -0.2825108800320425 0.9592640514580496
vn 0.9124440376835818 -0.28184866367834366 0.29666008979708447
vn 0.9122311474666078 0.2828108966900321 0.296398937759797
vn -0.0002867818145828873 -0.2825108800320425 0.9592640514580496
vn 0.9122311474666078 0.2828108966900321 0.296398937759797
vn 0 0.2828080875349182 0.9591765143209263
vn 0.9122311474666078 0.2828108966900321 0.296398937759797
vn 0.5637922117014331 0.28280901056257407 -0.7759880189599735
vn 0.39620046768868733 0.7386847540770553 -0.5453164434503932
vn 0.9122311474666078 0.2828108966900321 0.296398937759797
vn 0.39620046768868733 0.7386847540770553 -0.5453164434503932
vn 0.6410604665510597 0.7386847677025189 0.20829376416401302
vn 0.5637922117014331 0.28280901056257407 -0.7759880189599735
vn -0.5637929342957022 0.2828090142437288 -0.7759874926187488
vn -0.39619981604235865 0.738683867473947 -0.5453181178924221
vn 0.5637922117014331 0.28280901056257407 -0.7759880189599735
vn -0.39619981604235865 0.738683867473947 -0.5453181178924221
vn 0.39620046768868733 0.7386847540770553 -0.5453164434503932
vn -0.5637929342957022 0.2828090142437288 -0.7759874926187488
vn -0.9122313084847415 0.2828097586847308 0.29639952802408537
vn -0.6410606021409205 0.7386841905311551 0.2082953937129967
vn -0.5637929342957022 0.2828090142437288 -0.7759874926187488
vn -0.6410606021409205 0.7386841905311551 0.2082953937129967
vn -0.39619981604235865 0.738683867473947 -0.5453181178924221
vn -0.9122313084847415 0.2828097586847308 0.29639952802408537
vn 0 0.2828080875349182 0.9591765143209263
vn 1.5646592015784687e-9 0.738683889563797 0.6740520093426767
vn -0.9122313084847415 0.2828097586847308 0.29639952802408537
vn 1.5646592015784687e-9 0.738683889563797 0.6740520093426767
vn -0.6410606021409205 0.7386841905311551 0.2082953937129967
vn 0 0.2828080875349182 0.9591765143209263
vn 0.9122311474666078 0.2828108966900321 0.296398937759797
vn 0.6410604665510597 0.7386847677025189 0.20829376416401302
vn 0 0.2828080875349182 0.9591765143209263
vn 0.6410604665510597 0.7386847677025189 0.20829376416401302
vn 1.5646592015784687e-9 0.738683889563797 0.6740520093426767
vn 0.6410604665510597 0.7386847677025189 0.20829376416401302
vn 0.39620046768868733 0.7386847540770553 -0.5453164434503932
vn -1.6325209628575418e-7 0.9999999999999658 -2.0406513101533375e-7
vn 0.39620046768868733 0.7386847540770553 -0.5453164434503932
vn -0.39619981604235865 0.738683867473947 -0.5453181178924221
vn -1.6325209628575418e-7 0.9999999999999658 -2.0406513101533375e-7
vn -0.39619981604235865 0.738683867473947 -0.5453181178924221
vn -0.6410606021409205 0.7386841905311551 0.2082953937129967
vn -1.6325209628575418e-7 0.9999999999999658 -2.0406513101533375e-7
vn -0.6410606021409205 0.7386841905311551 0.2082953937129967
vn 1.5646592015784687e-9 0.738683889563797 0.6740520093426767
vn -1.6325209628575418e-7 0.9999999999999658 -2.0406513101533375e-7
vn 1.5646592015784687e-9 0.738683889563797 0.6740520093426767
vn 0.6410604665510597 0.7386847677025189 0.20829376416401302
vn -1.6325209628575418e-7 0.9999999999999658 -2.0406513101533375e-7
vn 0.9345452158391818 0.1979640268661867 0.2956949164578601
vn 0.570144039722071 0.21842523736875502 -0.791976129469696
vn 0.5765256466279969 0.21834418861628027 -0.7873652228017618
vn 0.9345452158391818 0.1979640268661867 0.2956949164578601
vn 0.5765256466279969 0.21834418861628027 -0.7873652228017618
vn 0.9302478444179019 0.1977034809654303 0.30911532082703164
vn 0.570144039722071 0.21842523736875502 -0.791976129469696
vn -0.5697418394944347 0.2172593750917763 -0.7925860207348023
vn -0.577155213775354 0.21715004040298025 -0.7872342212867207
vn 0.570144039722071 0.21842523736875502 -0.791976129469696
vn -0.577155213775354 0.21715004040298025 -0.7872342212867207
vn 0.5765256466279969 0.21834418861628027 -0.7873652228017618
vn -0.5697418394944347 0.2172593750917763 -0.7925860207348023
vn -0.9348400114149463 0.19601647302060482 0.29606029008002027
vn -0.9306838017414764 0.19577300761096264 0.3090316984825187
vn -0.5697418394944347 0.2172593750917763 -0.7925860207348023
vn -0.9306838017414764 0.19577300761096264 0.3090316984825187
vn -0.577155213775354 0.21715004040298025 -0.7872342212867207
vn -0.9348400114149463 0.19601647302060482 0.29606029008002027
vn 0.0004219903974332565 0.18378455492786955 0.9829664588855864
vn -0.0003673562999675336 0.18378375987122034 0.9829666294727134
vn -0.9348400114149463 0.19601647302060482 0.29606029008002027
vn -0.0003673562999675336 0.18378375987122034 0.9829666294727134
vn -0.9306838017414764 0.19577300761096264 0.3090316984825187
vn 0.0004219903974332565 0.18378455492786955 0.9829664588855864
vn 0.9345452158391818 0.1979640268661867 0.2956949164578601
vn 0.9302478444179019 0.1977034809654303 0.30911532082703164
vn 0.0004219903974332565 0.18378455492786955 0.9829664588855864
vn 0.9302478444179019 0.1977034809654303 0.30911532082703164
vn -0.0003673562999675336 0.18378375987122034 0.9829666294727134
vn 0.7079398116120176 -0.667854733872611 0.22976352534439684
vn 0.43769161072394747 -0.6678528962602498 -0.6019954840849494
vn 0.56381272753965 -0.281848904892787 -0.7763223577065375
vn 0.7079398116120176 -0.667854733872611 0.22976352534439684
vn 0.56381272753965 -0.281848904892787 -0.7763223577065375
vn 0.9124453418579819 -0.28184892969751746 0.2966558257476745
vn 0.43769161072394747 -0.6678528962602498 -0.6019954840849494
vn -0.4365870532220835 -0.668945174542201 -0.6015846560672586
vn -0.5640758328003453 -0.28251207135373346 -0.7758900594736471
vn 0.43769161072394747 -0.6678528962602498 -0.6019954840849494
vn -0.5640758328003453 -0.28251207135373346 -0.7758900594736471
vn 0.56381272753965 -0.281848904892787 -0.7763223577065375
vn -0.4365870532220835 -0.668945174542201 -0.6015846560672586
vn -0.7063525658628561 -0.6696197147378837 0.2295114165642194
vn -0.9122007939482887 -0.2829199686139867 0.2963882637345356
vn -0.4365870532220835 -0.668945174542201 -0.6015846560672586
vn -0.9122007939482887 -0.2829199686139867 0.2963882637345356
vn -0.5640758328003453 -0.28251207135373346 -0.7758900594736471
vn -0.7063525658628561 -0.6696197147378837 0.2295114165642194
vn 0.00040293302918647053 -0.6689478495371158 0.7433092305660155
vn -0.00028832544423948675 -0.2825113784159835 0.9592639042171551
vn -0.7063525658628561 -0.6696197147378837 0.2295114165642194
vn -0.00028832544423948675 -0.2825113784159835 0.9592639042171551
vn -0.9122007939482887 -0.2829199686139867 0.2963882637345356
vn 0.00040293302918647053 -0.6689478495371158 0.7433092305660155
vn 0.7079398116120176 -0.667854733872611 0.22976352534439684
vn 0.9124453418579819 -0.28184892969751746 0.2966558257476745
vn 0.00040293302918647053 -0.6689478495371158 0.7433092305660155
vn 0.9124453418579819 -0.28184892969751746 0.2966558257476745
vn -0.00028832544423948675 -0.2825113784159835 0.9592639042171551
vn 0.9124453418579819 -0.28184892969751746 0.2966558257476745
vn 0.56381272753965 -0.281848904892787 -0.7763223577065375
vn 0.5637871040720158 0.2828127450676497 -0.7759903688251488
vn 0.9124453418579819 -0.28184892969751746 0.2966558257476745
vn 0.5637871040720158 0.2828127450676497 -0.7759903688251488
vn 0.9122294428896051 0.2828118577917789 0.29640326688092267
vn 0.56381272753965 -0.281848904892787 -0.7763223577065375
vn -0.5640758328003453 -0.28251207135373346 -0.7758900594736471
vn -0.5637881649554343 0.2828141099548051 -0.7759891006107338
vn 0.56381272753965 -0.281848904892787 -0.7763223577065375
vn -0.5637881649554343 0.2828141099548051 -0.7759891006107338
vn 0.5637871040720158 0.2828127450676497 -0.7759903688251488
vn -0.5640758328003453 -0.28251207135373346 -0.7758900594736471
vn -0.9122007939482887 -0.2829199686139867 0.2963882637345356
vn -0.9122316889829636 0.2828096167633795 0.2963984923737634
vn -0.5640758328003453 -0.28251207135373346 -0.7758900594736471
vn -0.9122316889829636 0.2828096167633795 0.2963984923737634
vn -0.5637881649554343 0.2828141099548051 -0.7759891006107338
vn -0.9122007939482887 -0.2829199686139867 0.2963882637345356
vn -0.00028832544423948675 -0.2825113784159835 0.9592639042171551
vn 0.000003139288060037971 0.28281327876838697 0.9591749836929752
vn -0.9122007939482887 -0.2829199686139867 0.2963882637345356
vn 0.000003139288060037971 0.28281327876838697 0.9591749836929752
vn -0.9122316889829636 0.2828096167633795 0.2963984923737634
vn -0.00028832544423948675 -0.2825113784159835 0.9592639042171551
vn 0.9124453418579819 -0.28184892969751746 0.2966558257476745
vn 0.9122294428896051 0.2828118577917789 0.29640326688092267
vn -0.00028832544423948675 -0.2825113784159835 0.9592639042171551
vn 0.9122294428896051 0.2828118577917789 0.29640326688092267
vn 0.000003139288060037971 0.28281327876838697 0.9591749836929752
vn 0.9122294428896051 0.2828118577917789 0.29640326688092267
vn 0.5637871040720158 0.2828127450676497 -0.7759903688251488
vn 0.3961913905447836 0.7386889498276913 -0.5453173548133722
vn 0.9122294428896051 0.2828118577917789 0.29640326688092267
vn 0.3961913905447836 0.7386889498276913 -0.5453173548133722
vn 0.6410589292935107 0.738688894784261 0.20828385894126497
vn 0.5637871040720158 0.2828127450676497 -0.7759903688251488
vn -0.5637881649554343 0.2828141099548051 -0.7759891006107338
vn -0.39619775624493353 0.7386894639019654 -0.5453120334878986
vn 0.5637871040720158 0.2828127450676497 -0.7759903688251488
vn -0.39619775624493353 0.7386894639019654 -0.5453120334878986
vn 0.3961913905447836 0.7386889498276913 -0.5453173548133722
vn -0.5637881649554343 0.2828141099548051 -0.7759891006107338
vn -0.9122316889829636 0.2828096167633795 0.2963984923737634
vn -0.6410579004156816 0.7386866714379223 0.2082949105345616
vn -0.5637881649554343 0.2828141099548051 -0.7759891006107338
vn -0.6410579004156816 0.7386866714379223 0.2082949105345616
vn -0.39619775624493353 0.7386894639019654 -0.5453120334878986
vn -0.9122316889829636 0.2828096167633795 0.2963984923737634
vn 0.000003139288060037971 0.28281327876838697 0.9591749836929752
vn 0.000007478970659196598 0.738689321685869 0.6740460562686618
vn -0.9122316889829636 0.2828096167633795 0.2963984923737634
vn 0.000007478970659196598 0.738689321685869 0.6740460562686618
vn -0.6410579004156816 0.7386866714379223 0.2082949105345616
vn 0.000003139288060037971 0.28281327876838697 0.9591749836929752
vn 0.9122294428896051 0.2828118577917789 0.29640326688092267
vn 0.6410589292935107 0.738688894784261 0.20828385894126497
vn 0.000003139288060037971 0.28281327876838697 0.9591749836929752
vn 0.6410589292935107 0.738688894784261 0.20828385894126497
vn 0.000007478970659196598 0.738689321685869 0.6740460562686618
vn 0.6410589292935107 0.738688894784261 0.20828385894126497
vn 0.3961913905447836 0.7386889498276913 -0.5453173548133722
vn -2.8569510845946546e-7 0.9999999999997062 7.113225137798237e-7
vn 0.3961913905447836 0.7386889498276913 -0.5453173548133722
vn -0.39619775624493353 0.7386894639019654 -0.5453120334878986
vn -2.8569510845946546e-7 0.9999999999997062 7.113225137798237e-7
vn -0.39619775624493353 0.7386894639019654 -0.5453120334878986
vn -0.6410579004156816 0.7386866714379223 0.2082949105345616
vn -2.8569510845946546e-7 0.9999999999997062 7.113225137798237e-7
vn -0.6410579004156816 0.7386866714379223 0.2082949105345616
vn 0.000007478970659196598 0.738689321685869 0.6740460562686618
vn -2.8569510845946546e-7 0.9999999999997062 7.113225137798237e-7
vn 0.000007478970659196598 0.738689321685869 0.6740460562686618
vn 0.6410589292935107 0.738688894784261 0.20828385894126497
vn -2.8569510845946546e-7 0.9999999999997062 7.113225137798237e-7
vn 0.4736986698559148 0 -0.880686987627691
vn -0.9995465316875178 0 0.030111974220468535
vn -0.9994002459599438 -0.01538078468290827 0.031025470790008464
vn 0.4736986698559148 0 -0.880686987627691
vn -0.9994002459599438 -0.01538078468290827 0.031025470790008464
vn 0.48414055152015406 0.009753850417434377 -0.8749358769508743
vn -0.9995465316875178 0 0.030111974220468535
vn 0.5258487577061165 0 0.8505780881370821
vn 0.5354743020753032 0.009868011841044149 0.8444938686333204
vn -0.9995465316875178 0 0.030111974220468535
vn 0.5354743020753032 0.009868011841044149 0.8444938686333204
vn -0.9994002459599438 -0.01538078468290827 0.031025470790008464
vn 0.5258487577061165 0 0.8505780881370821
vn 0.4736986698559148 0 -0.880686987627691
vn 0.48414055152015406 0.009753850417434377 -0.8749358769508743
vn 0.5258487577061165 0 0.8505780881370821
vn 0.48414055152015406 0.009753850417434377 -0.8749358769508743
vn 0.5354743020753032 0.009868011841044149 0.8444938686333204
vn 0.48414055152015406 0.009753850417434377 -0.8749358769508743
vn -0.9994002459599438 -0.01538078468290827 0.031025470790008464
vn -0.09081999453406707 -0.9953717853404271 0.0314123787867539
vn 0.48414055152015406 0.009753850417434377 -0.8749358769508743
vn -0.09081999453406707 -0.9953717853404271 0.0314123787867539
vn 0.21148155216491005 0.891241115802031 -0.4012042205633819
vn -0.9994002459599438 -0.01538078468290827 0.031025470790008464
vn 0.5354743020753032 0.009868011841044149 0.8444938686333204
vn 0.21909620999970345 0.9074881524598726 0.358416104421569
vn -0.9994002459599438 -0.01538078468290827 0.031025470790008464
vn 0.21909620999970345 0.9074881524598726 0.358416104421569
vn -0.09081999453406707 -0.9953717853404271 0.0314123787867539
vn 0.5354743020753032 0.009868011841044149 0.8444938686333204
vn 0.48414055152015406 0.009753850417434377 -0.8749358769508743
vn 0.21148155216491005 0.891241115802031 -0.4012042205633819
vn 0.5354743020753032 0.009868011841044149 0.8444938686333204
vn 0.21148155216491005 0.891241115802031 -0.4012042205633819
vn 0.21909620999970345 0.9074881524598726 0.358416104421569
vn 0.21148155216491005 0.891241115802031 -0.4012042205633819
vn -0.09081999453406707 -0.9953717853404271 0.0314123787867539
vn 0 -0.9997584928198175 0.02197626070665381
vn 0.21148155216491005 0.891241115802031 -0.4012042205633819
vn 0 -0.9997584928198175 0.02197626070665381
vn 0 0.778078456159419 -0.6281671083880269
vn -0.09081999453406707 -0.9953717853404271 0.0314123787867539
vn 0.21909620999970345 0.9074881524598726 0.358416104421569
vn 0 0.8108185294264646 0.5852976271425552
vn -0.09081999453406707 -0.9953717853404271 0.0314123787867539
vn 0 0.8108185294264646 0.5852976271425552
vn 0 -0.9997584928198175 0.02197626070665381
vn 0.21909620999970345 0.9074881524598726 0.358416104421569
vn 0.21148155216491005 0.891241115802031 -0.4012042205633819
vn 0 0.778078456159419 -0.6281671083880269
vn 0.21909620999970345 0.9074881524598726 0.358416104421569
vn 0 0.778078456159419 -0.6281671083880269
vn 0 0.8108185294264646 0.5852976271425552
vn 0.4736986698559148 0 -0.880686987627691
vn -0.9995465316875178 0 0.030111974220468535
vn -0.9994002468973534 -0.01538077631543194 0.031025444742077694
vn 0.4736986698559148 0 -0.880686987627691
vn -0.9994002468973534 -0.01538077631543194 0.031025444742077694
vn 0.4841405035695591 0.00975382583741961 -0.8749359037580678
vn -0.9995465316875178 0 0.030111974220468535
vn 0.5258487577061165 0 0.8505780881370821
vn 0.5354742596695244 0.009867991668896885 0.8444938957575701
vn -0.9995465316875178 0 0.030111974220468535
vn 0.5354742596695244 0.009867991668896885 0.8444938957575701
vn -0.9994002468973534 -0.01538077631543194 0.031025444742077694
vn 0.5258487577061165 0 0.8505780881370821
vn 0.4736986698559148 0 -0.880686987627691
vn 0.4841405035695591 0.00975382583741961 -0.8749359037580678
vn 0.5258487577061165 0 0.8505780881370821
vn 0.4841405035695591 0.00975382583741961 -0.8749359037580678
vn 0.5354742596695244 0.009867991668896885 0.8444938957575701
vn 0.4841405035695591 0.00975382583741961 -0.8749359037580678
vn -0.9994002468973534 -0.01538077631543194 0.031025444742077694
vn -0.09081977514811754 -0.9953718085681389 0.03141227705591769
vn 0.4841405035695591 0.00975382583741961 -0.8749359037580678
vn -0.09081977514811754 -0.9953718085681389 0.03141227705591769
vn 0.21148111500884043 0.8912411574339055 -0.401204358513825
vn -0.9994002468973534 -0.01538077631543194 0.031025444742077694
vn 0.5354742596695244 0.009867991668896885 0.8444938957575701
vn 0.21909616027718232 0.9074881933912592 0.35841603118061544
vn -0.9994002468973534 -0.01538077631543194 0.031025444742077694
vn 0.21909616027718232 0.9074881933912592 0.35841603118061544
vn -0.09081977514811754 -0.9953718085681389 0.03141227705591769
vn 0.5354742596695244 0.009867991668896885 0.8444938957575701
vn 0.4841405035695591 0.00975382583741961 -0.8749359037580678
vn 0.21148111500884043 0.8912411574339055 -0.401204358513825
vn 0.5354742596695244 0.009867991668896885 0.8444938957575701
vn 0.21148111500884043 0.8912411574339055 -0.401204358513825
vn 0.21909616027718232 0.9074881933912592 0.35841603118061544
vn 0.21148111500884043 0.8912411574339055 -0.401204358513825
vn -0.09081977514811754 -0.9953718085681389 0.03141227705591769
vn 0 -0.9997584928198175 0.02197626070665381
vn 0.21148111500884043 0.8912411574339055 -0.401204358513825
vn 0 -0.9997584928198175 0.02197626070665381
vn 0 0.778078456159419 -0.6281671083880269
vn -0.09081977514811754 -0.9953718085681389 0.03141227705591769
vn 0.21909616027718232 0.9074881933912592 0.35841603118061544
vn 0 0.8108185294264646 0.5852976271425552
vn -0.09081977514811754 -0.9953718085681389 0.03141227705591769
vn 0 0.8108185294264646 0.5852976271425552
vn 0 -0.9997584928198175 0.02197626070665381
vn 0.21909616027718232 0.9074881933912592 0.35841603118061544
vn 0.21148111500884043 0.8912411574339055 -0.401204358513825
vn 0 0.778078456159419 -0.6281671083880269
vn 0.21909616027718232 0.9074881933912592 0.35841603118061544
vn 0 0.778078456159419 -0.6281671083880269
vn 0 0.8108185294264646 0.5852976271425552
vn -0.5394187081501751 0.8397103120017512 -0.06256236261137972
vn 0.97523333054559 0.21368192445758333 -0.05709628843505915
vn 0.9942844507280525 0.10676126924133124 -0.0006800223489241035
vn -0.5394187081501751 0.8397103120017512 -0.06256236261137972
vn 0.9942844507280525 0.10676126924133124 -0.0006800223489241035
vn -0.6264742456930672 0.7794419929123753 -0.0004462825197955037
vn 0.9942844507280525 0.10676126924133124 -0.0006800223489241035
vn 0.97523333054559 0.21368192445758333 -0.05709628843505915
vn -0.45657949309124907 -0.8836135606748208 0.10374122555716657
vn 0.9942844507280525 0.10676126924133124 -0.0006800223489241035
vn -0.45657949309124907 -0.8836135606748208 0.10374122555716657
vn -0.45558104283631917 -0.8901935291007127 0.0011807435752324259
vn -0.45657949309124907 -0.8836135606748208 0.10374122555716657
vn -0.5394187081501751 0.8397103120017512 -0.06256236261137972
vn -0.6264742456930672 0.7794419929123753 -0.0004462825197955037
vn -0.45657949309124907 -0.8836135606748208 0.10374122555716657
vn -0.6264742456930672 0.7794419929123753 -0.0004462825197955037
vn -0.45558104283631917 -0.8901935291007127 0.0011807435752324259
vn -0.6264742456930672 0.7794419929123753 -0.0004462825197955037
vn 0.9942844507280525 0.10676126924133124 -0.0006800223489241035
vn 0.9700075434890332 0.2302302580291044 0.07797046788511382
vn -0.6264742456930672 0.7794419929123753 -0.0004462825197955037
vn 0.9700075434890332 0.2302302580291044 0.07797046788511382
vn -0.5237174605867162 0.8476254304660821 0.08515369107555137
vn -0.45558104283631917 -0.8901935291007127 0.0011807435752324259
vn -0.6264742456930672 0.7794419929123753 -0.0004462825197955037
vn -0.5237174605867162 0.8476254304660821 0.08515369107555137
vn -0.45558104283631917 -0.8901935291007127 0.0011807435752324259
vn -0.5237174605867162 0.8476254304660821 0.08515369107555137
vn -0.45514953844152645 -0.8797157543593279 -0.13761936342122796
vn 0.9942844507280525 0.10676126924133124 -0.0006800223489241035
vn -0.45558104283631917 -0.8901935291007127 0.0011807435752324259
vn -0.45514953844152645 -0.8797157543593279 -0.13761936342122796
vn 0.9942844507280525 0.10676126924133124 -0.0006800223489241035
vn -0.45514953844152645 -0.8797157543593279 -0.13761936342122796
vn 0.9700075434890332 0.2302302580291044 0.07797046788511382
vn 0 0 1
vn 0 0 1
vn 0 0 1
vn 0.000003970899342644387 0 -0.9999999999921161
vn 0.000003970899342644387 0 -0.9999999999921161
vn 0.000003970899342644387 0 -0.9999999999921161
vn -0.5300063512877812 0.8445717727448708 -0.07610379936113111
vn 0.9721692780853441 0.22370371177237494 -0.06959557519183955
vn 0.9942865189536876 0.10674392981462631 0.00022732067320313702
vn -0.5300063512877812 0.8445717727448708 -0.07610379936113111
vn 0.9942865189536876 0.10674392981462631 0.00022732067320313702
vn -0.6264854092564599 0.7794331335868071 0.0001491838343086033
vn 0.9942865189536876 0.10674392981462631 0.00022732067320313702
vn 0.9721692780853441 0.22370371177237494 -0.06959557519183955
vn -0.4557805330291967 -0.8813771549273717 0.12425142447373831
vn 0.9942865189536876 0.10674392981462631 0.00022732067320313702
vn -0.4557805330291967 -0.8813771549273717 0.12425142447373831
vn -0.4555809162183191 -0.8901942894846584 -0.0003946474138649324
vn -0.4557805330291967 -0.8813771549273717 0.12425142447373831
vn -0.5300063512877812 0.8445717727448708 -0.07610379936113111
vn -0.6264854092564599 0.7794331335868071 0.0001491838343086033
vn -0.4557805330291967 -0.8813771549273717 0.12425142447373831
vn -0.6264854092564599 0.7794331335868071 0.0001491838343086033
vn -0.4555809162183191 -0.8901942894846584 -0.0003946474138649324
vn -0.6264854092564599 0.7794331335868071 0.0001491838343086033
vn 0.9942865189536876 0.10674392981462631 0.00022732067320313702
vn 0.973898334979665 0.2181699388662596 0.06264112785485924
vn -0.6264854092564599 0.7794331335868071 0.0001491838343086033
vn 0.973898334979665 0.2181699388662596 0.06264112785485924
vn -0.5352383328542053 0.8419129366605317 0.06857502553474105
vn -0.4555809162183191 -0.8901942894846584 -0.0003946474138649324
vn -0.6264854092564599 0.7794331335868071 0.0001491838343086033
vn -0.5352383328542053 0.8419129366605317 0.06857502553474105
vn -0.4555809162183191 -0.8901942894846584 -0.0003946474138649324
vn -0.5352383328542053 0.8419129366605317 0.06857502553474105
vn -0.4562461010145677 -0.8826593029034461 -0.11292497645342887
vn 0.9942865189536876 0.10674392981462631 0.00022732067320313702
vn -0.4555809162183191 -0.8901942894846584 -0.0003946474138649324
vn -0.4562461010145677 -0.8826593029034461 -0.11292497645342887
vn 0.9942865189536876 0.10674392981462631 0.00022732067320313702
vn -0.4562461010145677 -0.8826593029034461 -0.11292497645342887
vn 0.973898334979665 0.2181699388662596 0.06264112785485924
vn 0.00000794180232307974 0 0.9999999999684639
vn 0.000007941803232574441 0 0.9999999999684639
vn 0.000007941803232574441 0 0.9999999999684639
vn 0 0 -1
vn 0 0 -1
vn 0 0 -1
vn -0.5387021159171889 0.8400928749579324 -0.06359238752601822
vn 0.9750076153622396 0.21445484937366707 -0.05804539228704416
vn 0.994285016433094 0.1067565114623289 -0.0005944384202414146
vn -0.5387021159171889 0.8400928749579324 -0.06359238752601822
vn 0.994285016433094 0.1067565114623289 -0.0005944384202414146
vn -0.626477169857252 0.7794396727314725 -0.00039015369088329715
vn 0.994285016433094 0.1067565114623289 -0.0005944384202414146
vn 0.9750076153622396 0.21445484937366707 -0.05804539228704416
vn -0.45652453511089564 -0.8834547671369093 0.10532342220441815
vn 0.994285016433094 0.1067565114623289 -0.0005944384202414146
vn -0.45652453511089564 -0.8834547671369093 0.10532342220441815
vn -0.45558099740966446 -0.8901937369897444 0.001032193513456655
vn -0.45652453511089564 -0.8834547671369093 0.10532342220441815
vn -0.5387021159171889 0.8400928749579324 -0.06359238752601822
vn -0.626477169857252 0.7794396727314725 -0.00039015369088329715
vn -0.45652453511089564 -0.8834547671369093 0.10532342220441815
vn -0.626477169857252 0.7794396727314725 -0.00039015369088329715
vn -0.45558099740966446 -0.8901937369897444 0.001032193513456655
vn -0.626477169857252 0.7794396727314725 -0.00039015369088329715
vn 0.994285016433094 0.1067565114623289 -0.0005944384202414146
vn 0.970451340475504 0.22892333224979544 0.07627780621483189
vn -0.626477169857252 0.7794396727314725 -0.00039015369088329715
vn 0.970451340475504 0.22892333224979544 0.07627780621483189
vn -0.5249879365168311 0.8470209248930969 0.08332598217268423
vn -0.45558099740966446 -0.8901937369897444 0.001032193513456655
vn -0.626477169857252 0.7794396727314725 -0.00039015369088329715
vn -0.5249879365168311 0.8470209248930969 0.08332598217268423
vn -0.45558099740966446 -0.8901937369897444 0.001032193513456655
vn -0.5249879365168311 0.8470209248930969 0.08332598217268423
vn -0.4552834288923247 -0.8800613200864512 -0.13494099548966035
vn 0.994285016433094 0.1067565114623289 -0.0005944384202414146
vn -0.45558099740966446 -0.8901937369897444 0.001032193513456655
vn -0.4552834288923247 -0.8800613200864512 -0.13494099548966035
vn 0.994285016433094 0.1067565114623289 -0.0005944384202414146
vn -0.4552834288923247 -0.8800613200864512 -0.13494099548966035
vn 0.970451340475504 0.22892333224979544 0.07627780621483189
vn 0 0 1
vn 0 0 1
vn 0 0 1
vn 0 0 -1
vn 0 0 -1
vn 0 0 -1
vn -0.5338619354020638 0.8426228765829749 -0.0705558061947793
vn 0.9734495134252554 0.21963539385834457 -0.06446967175985632
vn 0.9942867134799183 0.10674231472547083 -0.00009820565876727643
vn -0.5338619354020638 0.8426228765829749 -0.0705558061947793
vn 0.9942867134799183 0.10674231472547083 -0.00009820565876727643
vn -0.6264868369846711 0.779431997635802 -0.00006439258859303141
vn 0.9942867134799183 0.10674231472547083 -0.00009820565876727643
vn 0.9734495134252554 0.21963539385834457 -0.06446967175985632
vn -0.45612900612454593 -0.8823309974935245 0.115923857052447
vn 0.9942867134799183 0.10674231472547083 -0.00009820565876727643
vn -0.45612900612454593 -0.8823309974935245 0.115923857052447
vn -0.45558122958938496 -0.8901942002646698 0.0001704727808522929
vn -0.45612900612454593 -0.8823309974935245 0.115923857052447
vn -0.5338619354020638 0.8426228765829749 -0.0705558061947793
vn -0.6264868369846711 0.779431997635802 -0.00006439258859303141
vn -0.45612900612454593 -0.8823309974935245 0.115923857052447
vn -0.6264868369846711 0.779431997635802 -0.00006439258859303141
vn -0.45558122958938496 -0.8901942002646698 0.0001704727808522929
vn -0.6264868369846711 0.779431997635802 -0.00006439258859303141
vn 0.9942867134799183 0.10674231472547083 -0.00009820565876727643
vn 0.9727035885578823 0.22202530787906502 0.06747215327692174
vn -0.6264868369846711 0.779431997635802 -0.00006439258859303141
vn 0.9727035885578823 0.22202530787906502 0.06747215327692174
vn -0.5316025698925111 0.8437720670808688 0.07380654779730433
vn -0.45558122958938496 -0.8901942002646698 0.0001704727808522929
vn -0.6264868369846711 0.779431997635802 -0.00006439258859303141
vn -0.5316025698925111 0.8437720670808688 0.07380654779730433
vn -0.45558122958938496 -0.8901942002646698 0.0001704727808522929
vn -0.5316025698925111 0.8437720670808688 0.07380654779730433
vn -0.455928357095089 -0.8817782433750647 -0.12081582142649223
vn 0.9942867134799183 0.10674231472547083 -0.00009820565876727643
vn -0.45558122958938496 -0.8901942002646698 0.0001704727808522929
vn -0.455928357095089 -0.8817782433750647 -0.12081582142649223
vn 0.9942867134799183 0.10674231472547083 -0.00009820565876727643
vn -0.455928357095089 -0.8817782433750647 -0.12081582142649223
vn 0.9727035885578823 0.22202530787906502 0.06747215327692174
vn 0 0 1
vn 0 0 1
vn 0 0 1
vn 0.00000397091662304372 0 -0.9999999999921159
vn 0.00000397091662304372 0 -0.9999999999921159
vn 0.000003970917077791071 0 -0.9999999999921159
vn -0.5407833416084958 0.8389762576534117 -0.060598816264225114
vn 0.9756605053118957 0.21220257930530523 -0.055286921696835696
vn 0.994283098620271 0.10677260359318035 -0.0008549385979754088
vn -0.5407833416084958 0.8389762576534117 -0.060598816264225114
vn 0.994283098620271 0.10677260359318035 -0.0008549385979754088
vn -0.6264668306518469 0.7794478783851575 -0.0005612253622980166
vn 0.994283098620271 0.10677260359318035 -0.0008549385979754088
vn 0.9756605053118957 0.21220257930530523 -0.055286921696835696
vn -0.45667972694559167 -0.8839118390451515 0.10071488367028046
vn 0.994283098620271 0.10677260359318035 -0.0008549385979754088
vn -0.45667972694559167 -0.8839118390451515 0.10071488367028046
vn -0.45558114627218427 -0.8901930214427115 0.0014844985749285387
vn -0.45667972694559167 -0.8839118390451515 0.10071488367028046
vn -0.5407833416084958 0.8389762576534117 -0.060598816264225114
vn -0.6264668306518469 0.7794478783851575 -0.0005612253622980166
vn -0.45667972694559167 -0.8839118390451515 0.10071488367028046
vn -0.6264668306518469 0.7794478783851575 -0.0005612253622980166
vn -0.45558114627218427 -0.8901930214427115 0.0014844985749285387
vn -0.6264668306518469 0.7794478783851575 -0.0005612253622980166
vn 0.994283098620271 0.10677260359318035 -0.0008549385979754088
vn 0.9690471547610261 0.23300447185627884 0.08158754772964127
vn -0.6264668306518469 0.7794478783851575 -0.0005612253622980166
vn 0.9690471547610261 0.23300447185627884 0.08158754772964127
vn -0.5210061102634115 0.8488942432509741 0.0890572672135512
vn -0.45558114627218427 -0.8901930214427115 0.0014844985749285387
vn -0.6264668306518469 0.7794478783851575 -0.0005612253622980166
vn -0.5210061102634115 0.8488942432509741 0.0890572672135512
vn -0.45558114627218427 -0.8901930214427115 0.0014844985749285387
vn -0.5210061102634115 0.8488942432509741 0.0890572672135512
vn -0.4548561219058322 -0.8789593469273498 -0.14330518069432543
vn 0.994283098620271 0.10677260359318035 -0.0008549385979754088
vn -0.45558114627218427 -0.8901930214427115 0.0014844985749285387
vn -0.4548561219058322 -0.8789593469273498 -0.14330518069432543
vn 0.994283098620271 0.10677260359318035 -0.0008549385979754088
vn -0.4548561219058322 -0.8789593469273498 -0.14330518069432543
vn 0.9690471547610261 0.23300447185627884 0.08158754772964127
vn 0 0 1
vn 0 0 1
vn 0 0 1
vn 0.00000397091662304372 0 -0.9999999999921159
vn 0.00000397091662304372 0 -0.9999999999921159
vn 0.000003970917077791071 0 -0.9999999999921159
vn 0.950818449822284 0.037069572858516045 0.3075225556697203
vn 0.5866740386837155 0.04109546198275922 -0.8087797817323094
vn 0.5878842957137639 0.041092476956416456 -0.807900651807336
vn 0.950818449822284 0.037069572858516045 0.3075225556697203
vn 0.5878842957137639 0.041092476956416456 -0.807900651807336
vn 0.9499966674166139 0.037060123607858014 0.31005302632855797
vn 0.5866740386837155 0.04109546198275922 -0.8087797817323094
vn -0.5865796169735774 0.04086268666286954 -0.8088600582238088
vn -0.5879841325179942 0.0408586664981926 -0.8078398537328122
vn 0.5866740386837155 0.04109546198275922 -0.8087797817323094
vn -0.5879841325179942 0.0408586664981926 -0.8078398537328122
vn 0.5878842957137639 0.041092476956416456 -0.807900651807336
vn -0.5865796169735774 0.04086268666286954 -0.8088600582238088
vn -0.9508177990385828 0.03669168706067107 0.3075698833307105
vn -0.9500243224942184 0.03668287457130224 0.310013150338155
vn -0.5865796169735774 0.04086268666286954 -0.8088600582238088
vn -0.9500243224942184 0.03668287457130224 0.310013150338155
vn -0.5879841325179942 0.0408586664981926 -0.8078398537328122
vn -0.9508177990385828 0.03669168706067107 0.3075698833307105
vn 0.00007531085992757883 0.03434044420086384 0.9994101901723645
vn -0.00007339981523566193 0.03434041443856657 0.9994101913371979
vn -0.9508177990385828 0.03669168706067107 0.3075698833307105
vn -0.00007339981523566193 0.03434041443856657 0.9994101913371979
vn -0.9500243224942184 0.03668287457130224 0.310013150338155
vn 0.00007531085992757883 0.03434044420086384 0.9994101901723645
vn 0.950818449822284 0.037069572858516045 0.3075225556697203
vn 0.9499966674166139 0.037060123607858014 0.31005302632855797
vn 0.00007531085992757883 0.03434044420086384 0.9994101901723645
vn 0.9499966674166139 0.037060123607858014 0.31005302632855797
vn -0.00007339981523566193 0.03434041443856657 0.9994101913371979
vn 0.7282468236485488 -0.6432647842842818 0.23636197059911335
vn 0.45023803227583603 -0.6432616897079455 -0.6192738593275694
vn 0.5662408463886494 -0.2674143608974593 -0.7796543230604635
vn 0.7282468236485488 -0.6432647842842818 0.23636197059911335
vn 0.5662408463886494 -0.2674143608974593 -0.7796543230604635
vn 0.9163672870367933 -0.26741564117202515 0.29792594735165645
vn 0.45023803227583603 -0.6432616897079455 -0.6192738593275694
vn -0.44916083162461795 -0.6443754087292872 -0.6188981175922622
vn -0.5664985597744189 -0.2680495893081407 -0.7792488687481337
vn 0.45023803227583603 -0.6432616897079455 -0.6192738593275694
vn -0.5664985597744189 -0.2680495893081407 -0.7792488687481337
vn 0.5662408463886494 -0.2674143608974593 -0.7796543230604635
vn -0.44916083162461795 -0.6443754087292872 -0.6188981175922622
vn -0.7267308996511137 -0.6450622824523601 0.23612888694447048
vn -0.9161491890200366 -0.26844057148073175 0.29767486128497195
vn -0.44916083162461795 -0.6443754087292872 -0.6188981175922622
vn -0.9161491890200366 -0.26844057148073175 0.29767486128497195
vn -0.5664985597744189 -0.2680495893081407 -0.7792488687481337
vn -0.7267308996511137 -0.6450622824523601 0.23612888694447048
vn 0.00040023010098390533 -0.6443792969933304 0.7647059313371691
vn -0.0002756268616781479 -0.26805179899250303 0.9634044618366244
vn -0.7267308996511137 -0.6450622824523601 0.23612888694447048
vn -0.0002756268616781479 -0.26805179899250303 0.9634044618366244
vn -0.9161491890200366 -0.26844057148073175 0.29767486128497195
vn 0.00040023010098390533 -0.6443792969933304 0.7647059313371691
vn 0.7282468236485488 -0.6432647842842818 0.23636197059911335
vn 0.9163672870367933 -0.26741564117202515 0.29792594735165645
vn 0.00040023010098390533 -0.6443792969933304 0.7647059313371691
vn 0.9163672870367933 -0.26741564117202515 0.29792594735165645
vn -0.0002756268616781479 -0.26805179899250303 0.9634044618366244
vn 0.9163672870367933 -0.26741564117202515 0.29792594735165645
vn 0.5662408463886494 -0.2674143608974593 -0.7796543230604635
vn 0.5662288141781582 0.26833734257760544 -0.7793458799357225
vn 0.9163672870367933 -0.26741564117202515 0.29792594735165645
vn 0.5662288141781582 0.26833734257760544 -0.7793458799357225
vn 0.9161765526892593 0.2683375761604178 0.2976835056276659
vn 0.5662408463886494 -0.2674143608974593 -0.7796543230604635
vn -0.5664985597744189 -0.2680495893081407 -0.7792488687481337
vn -0.5662281998736447 0.2683380193784555 -0.7793460932242487
vn 0.5662408463886494 -0.2674143608974593 -0.7796543230604635
vn -0.5662281998736447 0.2683380193784555 -0.7793460932242487
vn 0.5662288141781582 0.26833734257760544 -0.7793458799357225
vn -0.5664985597744189 -0.2680495893081407 -0.7792488687481337
vn -0.9161491890200366 -0.26844057148073175 0.29767486128497195
vn -0.916176344392 0.26833791280816316 0.29768384324022346
vn -0.5664985597744189 -0.2680495893081407 -0.7792488687481337
vn -0.916176344392 0.26833791280816316 0.29768384324022346
vn -0.5662281998736447 0.2683380193784555 -0.7793460932242487
vn -0.9161491890200366 -0.26844057148073175 0.29767486128497195
vn -0.0002756268616781479 -0.26805179899250303 0.9634044618366244
vn 1.5024953163704107e-7 0.268338616971961 0.9633246527736911
vn -0.9161491890200366 -0.26844057148073175 0.29767486128497195
vn 1.5024953163704107e-7 0.268338616971961 0.9633246527736911
vn -0.916176344392 0.26833791280816316 0.29768384324022346
vn -0.0002756268616781479 -0.26805179899250303 0.9634044618366244
vn 0.9163672870367933 -0.26741564117202515 0.29792594735165645
vn 0.9161765526892593 0.2683375761604178 0.2976835056276659
vn -0.0002756268616781479 -0.26805179899250303 0.9634044618366244
vn 0.9161765526892593 0.2683375761604178 0.2976835056276659
vn 1.5024953163704107e-7 0.268338616971961 0.9633246527736911
vn 0.9161765526892593 0.2683375761604178 0.2976835056276659
vn 0.5662288141781582 0.26833734257760544 -0.7793458799357225
vn 0.4098465905946368 0.7168051964315071 -0.5641064461134444
vn 0.9161765526892593 0.2683375761604178 0.2976835056276659
vn 0.4098465905946368 0.7168051964315071 -0.5641064461134444
vn 0.6631469146034581 0.7168051021183992 0.21546836247798742
vn 0.5662288141781582 0.26833734257760544 -0.7793458799357225
vn -0.5662281998736447 0.2683380193784555 -0.7793460932242487
vn -0.40984722559868436 0.7168058084901717 -0.5641052070171062
vn 0.5662288141781582 0.26833734257760544 -0.7793458799357225
vn -0.40984722559868436 0.7168058084901717 -0.5641052070171062
vn 0.4098465905946368 0.7168051964315071 -0.5641064461134444
vn -0.5662281998736447 0.2683380193784555 -0.7793460932242487
vn -0.916176344392 0.26833791280816316 0.29768384324022346
vn -0.6631462112305833 0.7168055321952949 0.2154690964958612
vn -0.5662281998736447 0.2683380193784555 -0.7793460932242487
vn -0.6631462112305833 0.7168055321952949 0.2154690964958612
vn -0.40984722559868436 0.7168058084901717 -0.5641052070171062
vn -0.916176344392 0.26833791280816316 0.29768384324022346
vn 1.5024953163704107e-7 0.268338616971961 0.9633246527736911
vn 3.033848964422203e-7 0.7168057616357787 0.6972729021593045
vn -0.916176344392 0.26833791280816316 0.29768384324022346
vn 3.033848964422203e-7 0.7168057616357787 0.6972729021593045
vn -0.6631462112305833 0.7168055321952949 0.2154690964958612
vn 1.5024953163704107e-7 0.268338616971961 0.9633246527736911
vn 0.9161765526892593 0.2683375761604178 0.2976835056276659
vn 0.6631469146034581 0.7168051021183992 0.21546836247798742
vn 1.5024953163704107e-7 0.268338616971961 0.9633246527736911
vn 0.6631469146034581 0.7168051021183992 0.21546836247798742
vn 3.033848964422203e-7 0.7168057616357787 0.6972729021593045
vn 0.6631469146034581 0.7168051021183992 0.21546836247798742
vn 0.4098465905946368 0.7168051964315071 -0.5641064461134444
vn 1.7795150597520654e-7 0.9999999999999485 2.669272589628098e-7
vn 0.4098465905946368 0.7168051964315071 -0.5641064461134444
vn -0.40984722559868436 0.7168058084901717 -0.5641052070171062
vn 1.7795150597520654e-7 0.9999999999999485 2.669272589628098e-7
vn -0.40984722559868436 0.7168058084901717 -0.5641052070171062
vn -0.6631462112305833 0.7168055321952949 0.2154690964958612
vn 1.7795150597520654e-7 0.9999999999999485 2.669272589628098e-7
vn -0.6631462112305833 0.7168055321952949 0.2154690964958612
vn 3.033848964422203e-7 0.7168057616357787 0.6972729021593045
vn 1.7795150597520654e-7 0.9999999999999485 2.669272589628098e-7
vn 3.033848964422203e-7 0.7168057616357787 0.6972729021593045
vn 0.6631469146034581 0.7168051021183992 0.21546836247798742
vn 1.7795150597520654e-7 0.9999999999999485 2.669272589628098e-7
vn 0.7929837250386018 0.5927202212204741 0.1409239198300114
vn -0.792990111158441 0.5927115848423039 0.140924308757035
vn -0.8905523444074464 0.45211774236162555 0.05006065233522134
vn 0.7929837250386018 0.5927202212204741 0.1409239198300114
vn -0.8905523444074464 0.45211774236162555 0.05006065233522134
vn 0.8905475733119983 0.45212706910567074 0.050061292932035636
vn -0.792990111158441 0.5927115848423039 0.140924308757035
vn -8.599995669717943e-7 -0.9728797322672857 -0.2313115356889813
vn 8.149447451443633e-8 -0.9939258398272544 -0.11005191921852354
vn -0.792990111158441 0.5927115848423039 0.140924308757035
vn 8.149447451443633e-8 -0.9939258398272544 -0.11005191921852354
vn -0.8905523444074464 0.45211774236162555 0.05006065233522134
vn -8.599995669717943e-7 -0.9728797322672857 -0.2313115356889813
vn 0.7929837250386018 0.5927202212204741 0.1409239198300114
vn 0.8905475733119983 0.45212706910567074 0.050061292932035636
vn -8.599995669717943e-7 -0.9728797322672857 -0.2313115356889813
vn 0.8905475733119983 0.45212706910567074 0.050061292932035636
vn 8.149447451443633e-8 -0.9939258398272544 -0.11005191921852354
vn 0.890549399630929 0.45212357135665215 -0.050060393932708676
vn -0.8905507894165081 0.4521207199182779 -0.050061423174057935
vn -0.7929869816614504 0.5927157943074033 -0.14092421400883018
vn 0.890549399630929 0.45212357135665215 -0.050060393932708676
vn -0.7929869816614504 0.5927157943074033 -0.14092421400883018
vn 0.7929870640263204 0.5927158709241118 -0.14092342829206267
vn -2.444833390800338e-7 -0.9939258430871082 0.11005188977714755
vn 0.890549399630929 0.45212357135665215 -0.050060393932708676
vn 0.7929870640263204 0.5927158709241118 -0.14092342829206267
vn -2.444833390800338e-7 -0.9939258430871082 0.11005188977714755
vn 0.7929870640263204 0.5927158709241118 -0.14092342829206267
vn 1.3230755164954744e-7 -0.9728796152292551 0.23131202794355268
vn -0.8905507894165081 0.4521207199182779 -0.050061423174057935
vn -2.444833390800338e-7 -0.9939258430871082 0.11005188977714755
vn 1.3230755164954744e-7 -0.9728796152292551 0.23131202794355268
vn -0.8905507894165081 0.4521207199182779 -0.050061423174057935
vn 1.3230755164954744e-7 -0.9728796152292551 0.23131202794355268
vn -0.7929869816614504 0.5927157943074033 -0.14092421400883018
vn 0.8905475733119983 0.45212706910567074 0.050061292932035636
vn -0.8905523444074464 0.45211774236162555 0.05006065233522134
vn -0.8905507894165081 0.4521207199182779 -0.050061423174057935
vn 0.8905475733119983 0.45212706910567074 0.050061292932035636
vn -0.8905507894165081 0.4521207199182779 -0.050061423174057935
vn 0.890549399630929 0.45212357135665215 -0.050060393932708676
vn 8.149447451443633e-8 -0.9939258398272544 -0.11005191921852354
vn 0.8905475733119983 0.45212706910567074 0.050061292932035636
vn 0.890549399630929 0.45212357135665215 -0.050060393932708676
vn 8.149447451443633e-8 -0.9939258398272544 -0.11005191921852354
vn 0.890549399630929 0.45212357135665215 -0.050060393932708676
vn -2.444833390800338e-7 -0.9939258430871082 0.11005188977714755
vn -0.8905523444074464 0.45211774236162555 0.05006065233522134
vn 8.149447451443633e-8 -0.9939258398272544 -0.11005191921852354
vn -2.444833390800338e-7 -0.9939258430871082 0.11005188977714755
vn -0.8905523444074464 0.45211774236162555 0.05006065233522134
vn -2.444833390800338e-7 -0.9939258430871082 0.11005188977714755
vn -0.8905507894165081 0.4521207199182779 -0.050061423174057935
vn 0.9508188874203702 0.03706966678476567 0.3075211913497277
vn 0.5866725497670368 0.04109557010019846 -0.8087808562694739
vn 0.5878820853914982 0.04109259209438007 -0.8079022543295125
vn 0.9508188874203702 0.03706966678476567 0.3075211913497277
vn 0.5878820853914982 0.04109259209438007 -0.8079022543295125
vn 0.9499972081561334 0.03706021318248406 0.31005135880112006
vn 0.5866725497670368 0.04109557010019846 -0.8087808562694739
vn -0.5865780651160444 0.04086260455762974 -0.8088611877655427
vn -0.5879827846335315 0.04085858241632647 -0.8078408390379422
vn 0.5866725497670368 0.04109557010019846 -0.8087808562694739
vn -0.5879827846335315 0.04085858241632647 -0.8078408390379422
vn 0.5878820853914982 0.04109259209438007 -0.8079022543295125
vn -0.5865780651160444 0.04086260455762974 -0.8088611877655427
vn -0.9508177251629997 0.03669172978827537 0.30757010661148865
vn -0.9500244114202764 0.03668292183076225 0.31001287223519547
vn -0.5865780651160444 0.04086260455762974 -0.8088611877655427
vn -0.9500244114202764 0.03668292183076225 0.31001287223519547
vn -0.5879827846335315 0.04085858241632647 -0.8078408390379422
vn -0.9508177251629997 0.03669172978827537 0.30757010661148865
vn 0.00007505864620699739 0.034340418155235225 0.9994101910862841
vn -0.0000731540043555431 0.03434038839290525 0.9994101922501673
vn -0.9508177251629997 0.03669172978827537 0.30757010661148865
vn -0.0000731540043555431 0.03434038839290525 0.9994101922501673
vn -0.9500244114202764 0.03668292183076225 0.31001287223519547
vn 0.00007505864620699739 0.034340418155235225 0.9994101910862841
vn 0.9508188874203702 0.03706966678476567 0.3075211913497277
vn 0.9499972081561334 0.03706021318248406 0.31005135880112006
vn 0.00007505864620699739 0.034340418155235225 0.9994101910862841
vn 0.9499972081561334 0.03706021318248406 0.31005135880112006
vn -0.0000731540043555431 0.03434038839290525 0.9994101922501673
vn 0.7282461747715848 -0.6432663995933864 0.23635957371072547
vn 0.4502331208301381 -0.643264814657847 -0.6192741841307127
vn 0.566241374627635 -0.267416055755929 -0.7796533580917536
vn 0.7282461747715848 -0.6432663995933864 0.23635957371072547
vn 0.566241374627635 -0.267416055755929 -0.7796533580917536
vn 0.9163670631106744 -0.26741656927324003 0.2979258030517789
vn 0.4502331208301381 -0.643264814657847 -0.6192741841307127
vn -0.4491603363669366 -0.6443752630935332 -0.6188986286524476
vn -0.5664966901915351 -0.26804957737543295 -0.7792502319992519
vn 0.4502331208301381 -0.643264814657847 -0.6192741841307127
vn -0.5664966901915351 -0.26804957737543295 -0.7792502319992519
vn 0.566241374627635 -0.267416055755929 -0.7796533580917536
vn -0.4491603363669366 -0.6443752630935332 -0.6188986286524476
vn -0.7267277397960852 -0.6450657388039346 0.23612916980374873
vn -0.9161482602609952 -0.2684425755367853 0.29767591246173963
vn -0.4491603363669366 -0.6443752630935332 -0.6188986286524476
vn -0.9161482602609952 -0.2684425755367853 0.29767591246173963
vn -0.5664966901915351 -0.26804957737543295 -0.7792502319992519
vn -0.7267277397960852 -0.6450657388039346 0.23612916980374873
vn 0.00040066493224213853 -0.6443797464640786 0.7647055523628042
vn -0.0002758726178480815 -0.2680523983710633 0.9634042949986363
vn -0.7267277397960852 -0.6450657388039346 0.23612916980374873
vn -0.0002758726178480815 -0.2680523983710633 0.9634042949986363
vn -0.9161482602609952 -0.2684425755367853 0.29767591246173963
vn 0.00040066493224213853 -0.6443797464640786 0.7647055523628042
vn 0.7282461747715848 -0.6432663995933864 0.23635957371072547
vn 0.9163670631106744 -0.26741656927324003 0.2979258030517789
vn 0.00040066493224213853 -0.6443797464640786 0.7647055523628042
vn 0.9163670631106744 -0.26741656927324003 0.2979258030517789
vn -0.0002758726178480815 -0.2680523983710633 0.9634042949986363
vn 0.9163670631106744 -0.26741656927324003 0.2979258030517789
vn 0.566241374627635 -0.267416055755929 -0.7796533580917536
vn 0.5662288803059193 0.2683383887502358 -0.7793454716814823
vn 0.9163670631106744 -0.26741656927324003 0.2979258030517789
vn 0.5662288803059193 0.2683383887502358 -0.7793454716814823
vn 0.9161760770175508 0.26833966266432274 0.29768308877383065
vn 0.566241374627635 -0.267416055755929 -0.7796533580917536
vn -0.5664966901915351 -0.26804957737543295 -0.7792502319992519
vn -0.566227017017811 0.26833718929091344 -0.7793472384262127
vn 0.566241374627635 -0.267416055755929 -0.7796533580917536
vn -0.566227017017811 0.26833718929091344 -0.7793472384262127
vn 0.5662288803059193 0.2683383887502358 -0.7793454716814823
vn -0.5664966901915351 -0.26804957737543295 -0.7792502319992519
vn -0.9161482602609952 -0.2684425755367853 0.29767591246173963
vn -0.9161766644497529 0.26833769318803946 0.29768305617257845
vn -0.5664966901915351 -0.26804957737543295 -0.7792502319992519
vn -0.9161766644497529 0.26833769318803946 0.29768305617257845
vn -0.566227017017811 0.26833718929091344 -0.7793472384262127
vn -0.9161482602609952 -0.2684425755367853 0.29767591246173963
vn -0.0002758726178480815 -0.2680523983710633 0.9634042949986363
vn 6.146571683643883e-7 0.2683393423557002 0.9633244507141571
vn -0.9161482602609952 -0.2684425755367853 0.29767591246173963
vn 6.146571683643883e-7 0.2683393423557002 0.9633244507141571
vn -0.9161766644497529 0.26833769318803946 0.29768305617257845
vn -0.0002758726178480815 -0.2680523983710633 0.9634042949986363
vn 0.9163670631106744 -0.26741656927324003 0.2979258030517789
vn 0.9161760770175508 0.26833966266432274 0.29768308877383065
vn -0.0002758726178480815 -0.2680523983710633 0.9634042949986363
vn 0.9161760770175508 0.26833966266432274 0.29768308877383065
vn 6.146571683643883e-7 0.2683393423557002 0.9633244507141571
vn 0.9161760770175508 0.26833966266432274 0.29768308877383065
vn 0.5662288803059193 0.2683383887502358 -0.7793454716814823
vn 0.4098448500310914 0.7168063600048975 -0.5641062321580232
vn 0.9161760770175508 0.26833966266432274 0.29768308877383065
vn 0.4098448500310914 0.7168063600048975 -0.5641062321580232
vn 0.6631441721742066 0.7168075452434406 0.21546867520235735
vn 0.5662288803059193 0.2683383887502358 -0.7793454716814823
vn -0.566227017017811 0.26833718929091344 -0.7793472384262127
vn -0.4098468189816476 0.7168045753586518 -0.5641070693720542
vn 0.5662288803059193 0.2683383887502358 -0.7793454716814823
vn -0.4098468189816476 0.7168045753586518 -0.5641070693720542
vn 0.4098448500310914 0.7168063600048975 -0.5641062321580232
vn -0.566227017017811 0.26833718929091344 -0.7793472384262127
vn -0.9161766644497529 0.26833769318803946 0.29768305617257845
vn -0.6631463359885693 0.7168052997743817 0.21546948572894162
vn -0.566227017017811 0.26833718929091344 -0.7793472384262127
vn -0.6631463359885693 0.7168052997743817 0.21546948572894162
vn -0.4098468189816476 0.7168045753586518 -0.5641070693720542
vn -0.9161766644497529 0.26833769318803946 0.29768305617257845
vn 6.146571683643883e-7 0.2683393423557002 0.9633244507141571
vn -0.0000010797544533004609 0.7168060844649778 0.6972725702856964
vn -0.9161766644497529 0.26833769318803946 0.29768305617257845
vn -0.0000010797544533004609 0.7168060844649778 0.6972725702856964
vn -0.6631463359885693 0.7168052997743817 0.21546948572894162
vn 6.146571683643883e-7 0.2683393423557002 0.9633244507141571
vn 0.9161760770175508 0.26833966266432274 0.29768308877383065
vn 0.6631441721742066 0.7168075452434406 0.21546867520235735
vn 6.146571683643883e-7 0.2683393423557002 0.9633244507141571
vn 0.6631441721742066 0.7168075452434406 0.21546867520235735
vn -0.0000010797544533004609 0.7168060844649778 0.6972725702856964
vn 0.6631441721742066 0.7168075452434406 0.21546867520235735
vn 0.4098448500310914 0.7168063600048975 -0.5641062321580232
vn 2.9928304456914467e-7 0.9999999999999314 -2.1839572639235805e-7
vn 0.4098448500310914 0.7168063600048975 -0.5641062321580232
vn -0.4098468189816476 0.7168045753586518 -0.5641070693720542
vn 2.9928304456914467e-7 0.9999999999999314 -2.1839572639235805e-7
vn -0.4098468189816476 0.7168045753586518 -0.5641070693720542
vn -0.6631463359885693 0.7168052997743817 0.21546948572894162
vn 2.9928304456914467e-7 0.9999999999999314 -2.1839572639235805e-7
vn -0.6631463359885693 0.7168052997743817 0.21546948572894162
vn -0.0000010797544533004609 0.7168060844649778 0.6972725702856964
vn 2.9928304456914467e-7 0.9999999999999314 -2.1839572639235805e-7
vn -0.0000010797544533004609 0.7168060844649778 0.6972725702856964
vn 0.6631441721742066 0.7168075452434406 0.21546867520235735
vn 2.9928304456914467e-7 0.9999999999999314 -2.1839572639235805e-7
vn 0.13176111958440684 0.5879690087436585 -0.7980798532245149
vn 0.13176129667532482 0.5879744846821812 0.7980757896723597
vn 0.04766383431283209 0.4547442828845312 0.8893457123539936
vn 0.13176111958440684 0.5879690087436585 -0.7980798532245149
vn 0.04766383431283209 0.4547442828845312 0.8893457123539936
vn 0.04766328654928174 0.45474586101589193 -0.8893449347717882
vn 0.13176129667532482 0.5879744846821812 0.7980757896723597
vn -0.2186681239519795 -0.9757992885520594 -0.000005349412419390493
vn -0.10424177651836906 -0.9945519855835704 2.6798540700019754e-7
vn 0.13176129667532482 0.5879744846821812 0.7980757896723597
vn -0.10424177651836906 -0.9945519855835704 2.6798540700019754e-7
vn 0.04766383431283209 0.4547442828845312 0.8893457123539936
vn -0.2186681239519795 -0.9757992885520594 -0.000005349412419390493
vn 0.13176111958440684 0.5879690087436585 -0.7980798532245149
vn 0.04766328654928174 0.45474586101589193 -0.8893449347717882
vn -0.2186681239519795 -0.9757992885520594 -0.000005349412419390493
vn 0.04766328654928174 0.45474586101589193 -0.8893449347717882
vn -0.10424177651836906 -0.9945519855835704 2.6798540700019754e-7
vn -0.047663807640818 0.4547482707191918 -0.8893436746944814
vn -0.047663051407639864 0.454742638087432 0.889346595336034
vn -0.13175994172430336 0.5879696018075915 0.7980796107576177
vn -0.047663807640818 0.4547482707191918 -0.8893436746944814
vn -0.13175994172430336 0.5879696018075915 0.7980796107576177
vn -0.13176089113178557 0.5879772717662084 -0.7980738032629088
vn 0.10424133553132582 -0.9945520318045342 -3.445521823976437e-7
vn -0.047663807640818 0.4547482707191918 -0.8893436746944814
vn -0.13176089113178557 0.5879772717662084 -0.7980738032629088
vn 0.10424133553132582 -0.9945520318045342 -3.445521823976437e-7
vn -0.13176089113178557 0.5879772717662084 -0.7980738032629088
vn 0.2186693241081807 -0.9757990196198018 0.000001762154389411279
vn -0.047663051407639864 0.454742638087432 0.889346595336034
vn 0.10424133553132582 -0.9945520318045342 -3.445521823976437e-7
vn 0.2186693241081807 -0.9757990196198018 0.000001762154389411279
vn -0.047663051407639864 0.454742638087432 0.889346595336034
vn 0.2186693241081807 -0.9757990196198018 0.000001762154389411279
vn -0.13175994172430336 0.5879696018075915 0.7980796107576177
vn 0.04766328654928174 0.45474586101589193 -0.8893449347717882
vn 0.04766383431283209 0.4547442828845312 0.8893457123539936
vn -0.047663051407639864 0.454742638087432 0.889346595336034
vn 0.04766328654928174 0.45474586101589193 -0.8893449347717882
vn -0.047663051407639864 0.454742638087432 0.889346595336034
vn -0.047663807640818 0.4547482707191918 -0.8893436746944814
vn -0.10424177651836906 -0.9945519855835704 2.6798540700019754e-7
vn 0.04766328654928174 0.45474586101589193 -0.8893449347717882
vn -0.047663807640818 0.4547482707191918 -0.8893436746944814
vn -0.10424177651836906 -0.9945519855835704 2.6798540700019754e-7
vn -0.047663807640818 0.4547482707191918 -0.8893436746944814
vn 0.10424133553132582 -0.9945520318045342 -3.445521823976437e-7
vn 0.04766383431283209 0.4547442828845312 0.8893457123539936
vn -0.10424177651836906 -0.9945519855835704 2.6798540700019754e-7
vn 0.10424133553132582 -0.9945520318045342 -3.445521823976437e-7
vn 0.04766383431283209 0.4547442828845312 0.8893457123539936
vn 0.10424133553132582 -0.9945520318045342 -3.445521823976437e-7
vn -0.047663051407639864 0.454742638087432 0.889346595336034
vn 0.9508185003038389 0.03706913151708574 0.30752245278764256
vn 0.5866727664613668 0.0410954121162583 -0.8087807071113663
vn 0.5878829185133602 0.04109242808772716 -0.8079016564372601
vn 0.9508185003038389 0.03706913151708574 0.30752245278764256
vn 0.5878829185133602 0.04109242808772716 -0.8079016564372601
vn 0.9499967065236078 0.03705967577339414 0.3100529600340387
vn 0.5866727664613668 0.0410954121162583 -0.8087807071113663
vn -0.5865772927900034 0.040863003340238006 -0.8088617277020631
vn -0.5879818786564304 0.04085898019494722 -0.8078414783291854
vn 0.5866727664613668 0.0410954121162583 -0.8087807071113663
vn -0.5879818786564304 0.04085898019494722 -0.8078414783291854
vn 0.5878829185133602 0.04109242808772716 -0.8079016564372601
vn -0.5865772927900034 0.040863003340238006 -0.8088617277020631
vn -0.9508181983687172 0.036691968066722425 0.3075686153206424
vn -0.9500248885782987 0.03668315653643721 0.3100113822238054
vn -0.5865772927900034 0.040863003340238006 -0.8088617277020631
vn -0.9500248885782987 0.03668315653643721 0.3100113822238054
vn -0.5879818786564304 0.04085898019494722 -0.8078414783291854
vn -0.9508181983687172 0.036691968066722425 0.3075686153206424
vn 0.00007511482402799035 0.03434035862073629 0.9994101931277077
vn -0.00007318145668335997 0.03434033257937914 0.999410194165945
vn -0.9508181983687172 0.036691968066722425 0.3075686153206424
vn -0.00007318145668335997 0.03434033257937914 0.999410194165945
vn -0.9500248885782987 0.03668315653643721 0.3100113822238054
vn 0.00007511482402799035 0.03434035862073629 0.9994101931277077
vn 0.9508185003038389 0.03706913151708574 0.30752245278764256
vn 0.9499967065236078 0.03705967577339414 0.3100529600340387
vn 0.00007511482402799035 0.03434035862073629 0.9994101931277077
vn 0.9499967065236078 0.03705967577339414 0.3100529600340387
vn -0.00007318145668335997 0.03434033257937914 0.999410194165945
vn 0.7282464337695458 -0.6432655306570187 0.23636114056773905
vn 0.4502342506203903 -0.6432653472449515 -0.6192728095130025
vn 0.5662402413675449 -0.2674160255890851 -0.7796541914939998
vn 0.7282464337695458 -0.6432655306570187 0.23636114056773905
vn 0.5662402413675449 -0.2674160255890851 -0.7796541914939998
vn 0.9163668058554485 -0.2674162955553824 0.29792684000895103
vn 0.4502342506203903 -0.6432653472449515 -0.6192728095130025
vn -0.4491593309269949 -0.6443765260371433 -0.6188980434074074
vn -0.5664977611444212 -0.2680504407292336 -0.7792491564597436
vn 0.4502342506203903 -0.6432653472449515 -0.6192728095130025
vn -0.5664977611444212 -0.2680504407292336 -0.7792491564597436
vn 0.5662402413675449 -0.2674160255890851 -0.7796541914939998
vn -0.4491593309269949 -0.6443765260371433 -0.6188980434074074
vn -0.7267298939271568 -0.6450636600652525 0.23612821884697208
vn -0.9161486132910179 -0.26844147150361863 0.29767582156083294
vn -0.4491593309269949 -0.6443765260371433 -0.6188980434074074
vn -0.9161486132910179 -0.26844147150361863 0.29767582156083294
vn -0.5664977611444212 -0.2680504407292336 -0.7792491564597436
vn -0.7267298939271568 -0.6450636600652525 0.23612821884697208
vn 0.00040015230272985683 -0.6443768344782774 0.7647080064089098
vn -0.0002758183402978576 -0.26805067089899526 0.9634047756549902
vn -0.7267298939271568 -0.6450636600652525 0.23612821884697208
vn -0.0002758183402978576 -0.26805067089899526 0.9634047756549902
vn -0.9161486132910179 -0.26844147150361863 0.29767582156083294
vn 0.00040015230272985683 -0.6443768344782774 0.7647080064089098
vn 0.7282464337695458 -0.6432655306570187 0.23636114056773905
vn 0.9163668058554485 -0.2674162955553824 0.29792684000895103
vn 0.00040015230272985683 -0.6443768344782774 0.7647080064089098
vn 0.9163668058554485 -0.2674162955553824 0.29792684000895103
vn -0.0002758183402978576 -0.26805067089899526 0.9634047756549902
vn 0.9163668058554485 -0.2674162955553824 0.29792684000895103
vn 0.5662402413675449 -0.2674160255890851 -0.7796541914939998
vn 0.5662287322603661 0.2683386433054948 -0.7793454915964968
vn 0.9163668058554485 -0.2674162955553824 0.29792684000895103
vn 0.5662287322603661 0.2683386433054948 -0.7793454915964968
vn 0.9161767788447814 0.2683373043478142 0.2976830546083351
vn 0.5662402413675449 -0.2674160255890851 -0.7796541914939998
vn -0.5664977611444212 -0.2680504407292336 -0.7792491564597436
vn -0.5662277758414542 0.26833807576069546 -0.7793463818884945
vn 0.5662402413675449 -0.2674160255890851 -0.7796541914939998
vn -0.5662277758414542 0.26833807576069546 -0.7793463818884945
vn 0.5662287322603661 0.2683386433054948 -0.7793454915964968
vn -0.5664977611444212 -0.2680504407292336 -0.7792491564597436
vn -0.9161486132910179 -0.26844147150361863 0.29767582156083294
vn -0.9161768090682619 0.26833692576971635 0.2976833028470945
vn -0.5664977611444212 -0.2680504407292336 -0.7792491564597436
vn -0.9161768090682619 0.26833692576971635 0.2976833028470945
vn -0.5662277758414542 0.26833807576069546 -0.7793463818884945
vn -0.9161486132910179 -0.26844147150361863 0.29767582156083294
vn -0.0002758183402978576 -0.26805067089899526 0.9634047756549902
vn -2.73181420261242e-8 0.26833498096100294 0.9633256655942775
vn -0.9161486132910179 -0.26844147150361863 0.29767582156083294
vn -2.73181420261242e-8 0.26833498096100294 0.9633256655942775
vn -0.9161768090682619 0.26833692576971635 0.2976833028470945
vn -0.0002758183402978576 -0.26805067089899526 0.9634047756549902
vn 0.9163668058554485 -0.2674162955553824 0.29792684000895103
vn 0.9161767788447814 0.2683373043478142 0.2976830546083351
vn -0.0002758183402978576 -0.26805067089899526 0.9634047756549902
vn 0.9161767788447814 0.2683373043478142 0.2976830546083351
vn -2.73181420261242e-8 0.26833498096100294 0.9633256655942775
vn 0.9161767788447814 0.2683373043478142 0.2976830546083351
vn 0.5662287322603661 0.2683386433054948 -0.7793454915964968
vn 0.40984682802502637 0.7168056715403596 -0.5641056698929721
vn 0.9161767788447814 0.2683373043478142 0.2976830546083351
vn 0.40984682802502637 0.7168056715403596 -0.5641056698929721
vn 0.6631472119081727 0.7168040880627893 0.2154708209361308
vn 0.5662287322603661 0.2683386433054948 -0.7793454915964968
vn -0.5662277758414542 0.26833807576069546 -0.7793463818884945
vn -0.4098478562557471 0.7168051612485807 -0.5641055712630081
vn 0.5662287322603661 0.2683386433054948 -0.7793454915964968
vn -0.4098478562557471 0.7168051612485807 -0.5641055712630081
vn 0.40984682802502637 0.7168056715403596 -0.5641056698929721
vn -0.5662277758414542 0.26833807576069546 -0.7793463818884945
vn -0.9161768090682619 0.26833692576971635 0.2976833028470945
vn -0.6631464991944986 0.7168043888337664 0.21547201385500467
vn -0.5662277758414542 0.26833807576069546 -0.7793463818884945
vn -0.6631464991944986 0.7168043888337664 0.21547201385500467
vn -0.4098478562557471 0.7168051612485807 -0.5641055712630081
vn -0.9161768090682619 0.26833692576971635 0.2976833028470945
vn -2.73181420261242e-8 0.26833498096100294 0.9633256655942775
vn 1.1798391338880612e-7 0.716802088088301 0.69727667859483
vn -0.9161768090682619 0.26833692576971635 0.2976833028470945
vn 1.1798391338880612e-7 0.716802088088301 0.69727667859483
vn -0.6631464991944986 0.7168043888337664 0.21547201385500467
vn -2.73181420261242e-8 0.26833498096100294 0.9633256655942775
vn 0.9161767788447814 0.2683373043478142 0.2976830546083351
vn 0.6631472119081727 0.7168040880627893 0.2154708209361308
vn -2.73181420261242e-8 0.26833498096100294 0.9633256655942775
vn 0.6631472119081727 0.7168040880627893 0.2154708209361308
vn 1.1798391338880612e-7 0.716802088088301 0.69727667859483
vn 0.6631472119081727 0.7168040880627893 0.2154708209361308
vn 0.40984682802502637 0.7168056715403596 -0.5641056698929721
vn 1.860405518526903e-7 0.9999999999994957 -9.868238066696475e-7
vn 0.40984682802502637 0.7168056715403596 -0.5641056698929721
vn -0.4098478562557471 0.7168051612485807 -0.5641055712630081
vn 1.860405518526903e-7 0.9999999999994957 -9.868238066696475e-7
vn -0.4098478562557471 0.7168051612485807 -0.5641055712630081
vn -0.6631464991944986 0.7168043888337664 0.21547201385500467
vn 1.860405518526903e-7 0.9999999999994957 -9.868238066696475e-7
vn -0.6631464991944986 0.7168043888337664 0.21547201385500467
vn 1.1798391338880612e-7 0.716802088088301 0.69727667859483
vn 1.860405518526903e-7 0.9999999999994957 -9.868238066696475e-7
vn 1.1798391338880612e-7 0.716802088088301 0.69727667859483
vn 0.6631472119081727 0.7168040880627893 0.2154708209361308
vn 1.860405518526903e-7 0.9999999999994957 -9.868238066696475e-7
vn 0.13176214316617954 0.5879739950141953 -0.7980760106752377
vn 0.13176016439213054 0.5879751412482915 0.798075492891124
vn 0.04766291907389954 0.4547474830150587 0.8893441250926571
vn 0.13176214316617954 0.5879739950141953 -0.7980760106752377
vn 0.04766291907389954 0.4547474830150587 0.8893441250926571
vn 0.04766334182743866 0.45474552745444713 -0.8893451023680389
vn 0.13176016439213054 0.5879751412482915 0.798075492891124
vn -0.2186685765213464 -0.9757991871491712 -0.0000010698783907984542
vn -0.10424107141518313 -0.9945520594871181 3.828351901294457e-7
vn 0.13176016439213054 0.5879751412482915 0.798075492891124
vn -0.10424107141518313 -0.9945520594871181 3.828351901294457e-7
vn 0.04766291907389954 0.4547474830150587 0.8893441250926571
vn -0.2186685765213464 -0.9757991871491712 -0.0000010698783907984542
vn 0.13176214316617954 0.5879739950141953 -0.7980760106752377
vn 0.04766334182743866 0.45474552745444713 -0.8893451023680389
vn -0.2186685765213464 -0.9757991871491712 -0.0000010698783907984542
vn 0.04766334182743866 0.45474552745444713 -0.8893451023680389
vn -0.10424107141518313 -0.9945520594871181 3.828351901294457e-7
vn -0.047664395700945425 0.4547465966778983 -0.8893444991634754
vn -0.04766217873491015 0.45474742715147654 0.8893441933342534
vn -0.1317593754855214 0.5879760391330822 0.7980749616276892
vn -0.047664395700945425 0.4547465966778983 -0.8893444991634754
vn -0.1317593754855214 0.5879760391330822 0.7980749616276892
vn -0.13176177448152207 0.5879755022854029 -0.7980749610767832
vn 0.10424126183512249 -0.9945520395288566 -1.1485038256041207e-7
vn -0.047664395700945425 0.4547465966778983 -0.8893444991634754
vn -0.13176177448152207 0.5879755022854029 -0.7980749610767832
vn 0.10424126183512249 -0.9945520395288566 -1.1485038256041207e-7
vn -0.13176177448152207 0.5879755022854029 -0.7980749610767832
vn 0.21866873112604826 -0.9757991525034446 0.0000011328089719692763
vn -0.04766217873491015 0.45474742715147654 0.8893441933342534
vn 0.10424126183512249 -0.9945520395288566 -1.1485038256041207e-7
vn 0.21866873112604826 -0.9757991525034446 0.0000011328089719692763
vn -0.04766217873491015 0.45474742715147654 0.8893441933342534
vn 0.21866873112604826 -0.9757991525034446 0.0000011328089719692763
vn -0.1317593754855214 0.5879760391330822 0.7980749616276892
vn 0.04766334182743866 0.45474552745444713 -0.8893451023680389
vn 0.04766291907389954 0.4547474830150587 0.8893441250926571
vn -0.04766217873491015 0.45474742715147654 0.8893441933342534
vn 0.04766334182743866 0.45474552745444713 -0.8893451023680389
vn -0.04766217873491015 0.45474742715147654 0.8893441933342534
vn -0.047664395700945425 0.4547465966778983 -0.8893444991634754
vn -0.10424107141518313 -0.9945520594871181 3.828351901294457e-7
vn 0.04766334182743866 0.45474552745444713 -0.8893451023680389
vn -0.047664395700945425 0.4547465966778983 -0.8893444991634754
vn -0.10424107141518313 -0.9945520594871181 3.828351901294457e-7
vn -0.047664395700945425 0.4547465966778983 -0.8893444991634754
vn 0.10424126183512249 -0.9945520395288566 -1.1485038256041207e-7
vn 0.04766291907389954 0.4547474830150587 0.8893441250926571
vn -0.10424107141518313 -0.9945520594871181 3.828351901294457e-7
vn 0.10424126183512249 -0.9945520395288566 -1.1485038256041207e-7
vn 0.04766291907389954 0.4547474830150587 0.8893441250926571
vn 0.10424126183512249 -0.9945520395288566 -1.1485038256041207e-7
vn -0.04766217873491015 0.45474742715147654 0.8893441933342534
vn 0.9508187865134772 0.037069239089934425 0.3075215548971028
vn 0.5866743172702957 0.041095531401771634 -0.8087795761233333
vn 0.587884361498017 0.04109254071829897 -0.8079006006950261
vn 0.9508187865134772 0.037069239089934425 0.3075215548971028
vn 0.587884361498017 0.04109254071829897 -0.8079006006950261
vn 0.9499973046947995 0.037059795065570514 0.31005111298351157
vn 0.5866743172702957 0.041095531401771634 -0.8087795761233333
vn -0.5865837400065979 0.0408633914611387 -0.8088570326072253
vn -0.5879879422107518 0.04085936650499572 -0.8078370454389772
vn 0.5866743172702957 0.041095531401771634 -0.8087795761233333
vn -0.5879879422107518 0.04085936650499572 -0.8078370454389772
vn 0.587884361498017 0.04109254071829897 -0.8079006006950261
vn -0.5865837400065979 0.0408633914611387 -0.8088570326072253
vn -0.9508178292295391 0.03669207193063136 0.3075697440852473
vn -0.9500245925794908 0.03668326092273252 0.31001227695407013
vn -0.5865837400065979 0.0408633914611387 -0.8088570326072253
vn -0.9500245925794908 0.03668326092273252 0.31001227695407013
vn -0.5879879422107518 0.04085936650499572 -0.8078370454389772
vn -0.9508178292295391 0.03669207193063136 0.3075697440852473
vn 0.0000780836620731657 0.0343403474502355 0.9994101932839883
vn -0.00007064302068536676 0.03434031770205918 0.9994101948597911
vn -0.9508178292295391 0.03669207193063136 0.3075697440852473
vn -0.00007064302068536676 0.03434031770205918 0.9994101948597911
vn -0.9500245925794908 0.03668326092273252 0.31001227695407013
vn 0.0000780836620731657 0.0343403474502355 0.9994101932839883
vn 0.9508187865134772 0.037069239089934425 0.3075215548971028
vn 0.9499973046947995 0.037059795065570514 0.31005111298351157
vn 0.0000780836620731657 0.0343403474502355 0.9994101932839883
vn 0.9499973046947995 0.037059795065570514 0.31005111298351157
vn -0.00007064302068536676 0.03434031770205918 0.9994101948597911
vn 0.728247306425959 -0.643265266368502 0.23635917110870752
vn 0.4502362623013852 -0.6432603617791971 -0.6192765255300533
vn 0.56624174254436 -0.26741349761526517 -0.7796539683048482
vn 0.728247306425959 -0.643265266368502 0.23635917110870752
vn 0.56624174254436 -0.26741349761526517 -0.7796539683048482
vn 0.9163668729999336 -0.26741602953477533 0.29792687226260706
vn 0.4502362623013852 -0.6432603617791971 -0.6192765255300533
vn -0.44916099141464616 -0.6443738913210856 -0.6188995814953617
vn -0.5664999467626465 -0.2680486730453714 -0.7792481756132216
vn 0.4502362623013852 -0.6432603617791971 -0.6192765255300533
vn -0.5664999467626465 -0.2680486730453714 -0.7792481756132216
vn 0.56624174254436 -0.26741349761526517 -0.7796539683048482
vn -0.44916099141464616 -0.6443738913210856 -0.6188995814953617
vn -0.7267304399991228 -0.6450632580788135 0.23612763636522416
vn -0.9161488507956903 -0.26844132222421985 0.2976752252174309
vn -0.44916099141464616 -0.6443738913210856 -0.6188995814953617
vn -0.9161488507956903 -0.26844132222421985 0.2976752252174309
vn -0.5664999467626465 -0.2680486730453714 -0.7792481756132216
vn -0.7267304399991228 -0.6450632580788135 0.23612763636522416
vn 0.0004000913794368379 -0.6443789061876163 0.7647062607219449
vn -0.0002757094918503113 -0.26805174366445134 0.9634044772071197
vn -0.7267304399991228 -0.6450632580788135 0.23612763636522416
vn -0.0002757094918503113 -0.26805174366445134 0.9634044772071197
vn -0.9161488507956903 -0.26844132222421985 0.2976752252174309
vn 0.0004000913794368379 -0.6443789061876163 0.7647062607219449
vn 0.728247306425959 -0.643265266368502 0.23635917110870752
vn 0.9163668729999336 -0.26741602953477533 0.29792687226260706
vn 0.0004000913794368379 -0.6443789061876163 0.7647062607219449
vn 0.9163668729999336 -0.26741602953477533 0.29792687226260706
vn -0.0002757094918503113 -0.26805174366445134 0.9634044772071197
vn 0.9163668729999336 -0.26741602953477533 0.29792687226260706
vn 0.56624174254436 -0.26741349761526517 -0.7796539683048482
vn 0.5662292815001684 0.26833760628925274 -0.7793454496067562
vn 0.9163668729999336 -0.26741602953477533 0.29792687226260706
vn 0.5662292815001684 0.26833760628925274 -0.7793454496067562
vn 0.9161771664447362 0.2683368958937618 0.29768222988178905
vn 0.56624174254436 -0.26741349761526517 -0.7796539683048482
vn -0.5664999467626465 -0.2680486730453714 -0.7792481756132216
vn -0.5662291180026374 0.26833633204784807 -0.7793460071297358
vn 0.56624174254436 -0.26741349761526517 -0.7796539683048482
vn -0.5662291180026374 0.26833633204784807 -0.7793460071297358
vn 0.5662292815001684 0.26833760628925274 -0.7793454496067562
vn -0.5664999467626465 -0.2680486730453714 -0.7792481756132216
vn -0.9161488507956903 -0.26844132222421985 0.2976752252174309
vn -0.9161764839308054 0.26833718604918694 0.2976840688975324
vn -0.5664999467626465 -0.2680486730453714 -0.7792481756132216
vn -0.9161764839308054 0.26833718604918694 0.2976840688975324
vn -0.5662291180026374 0.26833633204784807 -0.7793460071297358
vn -0.9161488507956903 -0.26844132222421985 0.2976752252174309
vn -0.0002757094918503113 -0.26805174366445134 0.9634044772071197
vn -4.644088025383366e-7 0.26833683432711797 0.9633251493359266
vn -0.9161488507956903 -0.26844132222421985 0.2976752252174309
vn -4.644088025383366e-7 0.26833683432711797 0.9633251493359266
vn -0.9161764839308054 0.26833718604918694 0.2976840688975324
vn -0.0002757094918503113 -0.26805174366445134 0.9634044772071197
vn 0.9163668729999336 -0.26741602953477533 0.29792687226260706
vn 0.9161771664447362 0.2683368958937618 0.29768222988178905
vn -0.0002757094918503113 -0.26805174366445134 0.9634044772071197
vn 0.9161771664447362 0.2683368958937618 0.29768222988178905
vn -4.644088025383366e-7 0.26833683432711797 0.9633251493359266
vn 0.9161771664447362 0.2683368958937618 0.29768222988178905
vn 0.5662292815001684 0.26833760628925274 -0.7793454496067562
vn 0.4098463669443154 0.7168047454234373 -0.5641071816959848
vn 0.9161771664447362 0.2683368958937618 0.29768222988178905
vn 0.4098463669443154 0.7168047454234373 -0.5641071816959848
vn 0.6631474164172543 0.7168041158369866 0.21547009912810786
vn 0.5662292815001684 0.26833760628925274 -0.7793454496067562
vn -0.5662291180026374 0.26833633204784807 -0.7793460071297358
vn -0.40984799225964563 0.7168040656151188 -0.5641068646616294
vn 0.5662292815001684 0.26833760628925274 -0.7793454496067562
vn -0.40984799225964563 0.7168040656151188 -0.5641068646616294
vn 0.4098463669443154 0.7168047454234373 -0.5641071816959848
vn -0.5662291180026374 0.26833633204784807 -0.7793460071297358
vn -0.9161764839308054 0.26833718604918694 0.2976840688975324
vn -0.663148342470146 0.716804085980654 0.21546734833968992
vn -0.5662291180026374 0.26833633204784807 -0.7793460071297358
vn -0.663148342470146 0.716804085980654 0.21546734833968992
vn -0.40984799225964563 0.7168040656151188 -0.5641068646616294
vn -0.9161764839308054 0.26833718604918694 0.2976840688975324
vn -4.644088025383366e-7 0.26833683432711797 0.9633251493359266
vn -0.0000013947343452414789 0.716803851198129 0.6972748661077535
vn -0.9161764839308054 0.26833718604918694 0.2976840688975324
vn -0.0000013947343452414789 0.716803851198129 0.6972748661077535
vn -0.663148342470146 0.716804085980654 0.21546734833968992
vn -4.644088025383366e-7 0.26833683432711797 0.9633251493359266
vn 0.9161771664447362 0.2683368958937618 0.29768222988178905
vn 0.6631474164172543 0.7168041158369866 0.21547009912810786
vn -4.644088025383366e-7 0.26833683432711797 0.9633251493359266
vn 0.6631474164172543 0.7168041158369866 0.21547009912810786
vn -0.0000013947343452414789 0.716803851198129 0.6972748661077535
vn 0.6631474164172543 0.7168041158369866 0.21547009912810786
vn 0.4098463669443154 0.7168047454234373 -0.5641071816959848
vn 3.842128819541712e-7 0.9999999999998554 3.7612420555882656e-7
vn 0.4098463669443154 0.7168047454234373 -0.5641071816959848
vn -0.40984799225964563 0.7168040656151188 -0.5641068646616294
vn 3.842128819541712e-7 0.9999999999998554 3.7612420555882656e-7
vn -0.40984799225964563 0.7168040656151188 -0.5641068646616294
vn -0.663148342470146 0.716804085980654 0.21546734833968992
vn 3.842128819541712e-7 0.9999999999998554 3.7612420555882656e-7
vn -0.663148342470146 0.716804085980654 0.21546734833968992
vn -0.0000013947343452414789 0.716803851198129 0.6972748661077535
vn 3.842128819541712e-7 0.9999999999998554 3.7612420555882656e-7
vn -0.0000013947343452414789 0.716803851198129 0.6972748661077535
vn 0.6631474164172543 0.7168041158369866 0.21547009912810786
vn 3.842128819541712e-7 0.9999999999998554 3.7612420555882656e-7
vn 0 0 -1
vn 0 0 -1
vn 0 0 -1
vn 0 0 -1
vn 0 0 -1
vn 0 0 -1
vn 0 0 -1
vn 0 0 -1
vn 0 0 -1
vn 0 0 -1
vn 0 0 -1
vn 0 0 -1
f 1/1/1 2/2/2 3/3/3
f 4/4/4 5/5/5 6/6/6
f 7/7/7 8/8/8 9/9/9
f 10/10/10 11/11/11 12/12/12
f 13/13/13 14/14/14 15/15/15
f 16/16/16 17/17/17 18/18/18
f 19/19/19 20/20/20 21/21/21
f 22/22/22 23/23/23 24/24/24
f 25/25/25 26/26/26 27/27/27
f 28/28/28 29/29/29 30/30/30
f 31/31/31 32/32/32 33/33/33
f 34/34/34 35/35/35 36/36/36
f 37/37/37 38/38/38 39/39/39
f 40/40/40 41/41/41 42/42/42
f 43/43/43 44/44/44 45/45/45
f 46/46/46 47/47/47 48/48/48
f 49/49/49 50/50/50 51/51/51
f 52/52/52 53/53/53 54/54/54
f 55/55/55 56/56/56 57/57/57
f 58/58/58 59/59/59 60/60/60
f 61/61/61 62/62/62 63/63/63
f 64/64/64 65/65/65 66/66/66
f 67/67/67 68/68/68 69/69/69
f 70/70/70 71/71/71 72/72/72
f 73/73/73 74/74/74 75/75/75
f 76/76/76 77/77/77 78/78/78
f 79/79/79 80/80/80 81/81/81
f 82/82/82 83/83/83 84/84/84
f 85/85/85 86/86/86 87/87/87
f 88/88/88 89/89/89 90/90/90
f 91/91/91 92/92/92 93/93/93
f 94/94/94 95/95/95 96/96/96
f 97/97/97 98/98/98 99/99/99
f 100/100/100 101/101/101 102/102/102
f 103/103/103 104/104/104 105/105/105
f 106/106/106 107/107/107 108/108/108
f 109/109/109 110/110/110 111/111/111
f 112/112/112 113/113/113 114/114/114
f 115/115/115 116/116/116 117/117/117
f 118/118/118 119/119/119 120/120/120
f 121/121/121 122/122/122 123/123/123
f 124/124/124 125/125/125 126/126/126
f 127/127/127 128/128/128 129/129/129
f 130/130/130 131/131/131 132/132/132
f 133/133/133 134/134/134 135/135/135
f 136/136/136 137/137/137 138/138/138
f 139/139/139 140/140/140 141/141/141
f 142/142/142 143/143/143 144/144/144
f 145/145/145 146/146/146 147/147/147
f 148/148/148 149/149/149 150/150/150
f 151/151/151 152/152/152 153/153/153
f 154/154/154 155/155/155 156/156/156
f 157/157/157 158/158/158 159/159/159
f 160/160/160 161/161/161 162/162/162
f 163/163/163 164/164/164 165/165/165
f 166/166/166 167/167/167 168/168/168
f 169/169/169 170/170/170 171/171/171
f 172/172/172 173/173/173 174/174/174
f 175/175/175 176/176/176 177/177/177
f 178/178/178 179/179/179 180/180/180
f 181/181/181 182/182/182 183/183/183
f 184/184/184 185/185/185 186/186/186
f 187/187/187 188/188/188 189/189/189
f 190/190/190 191/191/191 192/192/192
f 193/193/193 194/194/194 195/195/195
f 196/196/196 197/197/197 198/198/198
f 199/199/199 200/200/200 201/201/201
f 202/202/202 203/203/203 204/204/204
f 205/205/205 206/206/206 207/207/207
f 208/208/208 209/209/209 210/210/210
f 211/211/211 212/212/212 213/213/213
f 214/214/214 215/215/215 216/216/216
f 217/217/217 218/218/218 219/219/219
f 220/220/220 221/221/221 222/222/222
f 223/223/223 224/224/224 225/225/225
f 226/226/226 227/227/227 228/228/228
f 229/229/229 230/230/230 231/231/231
f 232/232/232 233/233/233 234/234/234
f 235/235/235 236/236/236 237/237/237
f 238/238/238 239/239/239 240/240/240
f 241/241/241 242/242/242 243/243/243
f 244/244/244 245/245/245 246/246/246
f 247/247/247 248/248/248 249/249/249
f 250/250/250 251/251/251 252/252/252
f 253/253/253 254/254/254 255/255/255
f 256/256/256 257/257/257 258/258/258
f 259/259/259 260/260/260 261/261/261
f 262/262/262 263/263/263 264/264/264
f 265/265/265 266/266/266 267/267/267
f 268/268/268 269/269/269 270/270/270
f 271/271/271 272/272/272 273/273/273
f 274/274/274 275/275/275 276/276/276
f 277/277/277 278/278/278 279/279/279
f 280/280/280 281/281/281 282/282/282
f 283/283/283 284/284/284 285/285/285
f 286/286/286 287/287/287 288/288/288
f 289/289/289 290/290/290 291/291/291
f 292/292/292 293/293/293 294/294/294
f 295/295/295 296/296/296 297/297/297
f 298/298/298 299/299/299 300/300/300
f 301/301/301 302/302/302 303/303/303
f 304/304/304 305/305/305 306/306/306
f 307/307/307 308/308/308 309/309/309
f 310/310/310 311/311/311 312/312/312
f 313/313/313 314/314/314 315/315/315
f 316/316/316 317/317/317 318/318/318
f 319/319/319 320/320/320 321/321/321
f 322/322/322 323/323/323 324/324/324
f 325/325/325 326/326/326 327/327/327
f 328/328/328 329/329/329 330/330/330
f 331/331/331 332/332/332 333/333/333
f 334/334/334 335/335/335 336/336/336
f 337/337/337 338/338/338 339/339/339
f 340/340/340 341/341/341 342/342/342
f 343/343/343 344/344/344 345/345/345
f 346/346/346 347/347/347 348/348/348
f 349/349/349 350/350/350 351/351/351
f 352/352/352 353/353/353 354/354/354
f 355/355/355 356/356/356 357/357/357
f 358/358/358 359/359/359 360/360/360
f 361/361/361 362/362/362 363/363/363
f 364/364/364 365/365/365 366/366/366
f 367/367/367 368/368/368 369/369/369
f 370/370/370 371/371/371 372/372/372
f 373/373/373 374/374/374 375/375/375
f 376/376/376 377/377/377 378/378/378
f 379/379/379 380/380/380 381/381/381
f 382/382/382 383/383/383 384/384/384
f 385/385/385 386/386/386 387/387/387
f 388/388/388 389/389/389 390/390/390
f 391/391/391 392/392/392 393/393/393
f 394/394/394 395/395/395 396/396/396
f 397/397/397 398/398/398 399/399/399
f 400/400/400 401/401/401 402/402/402
f 403/403/403 404/404/404 405/405/405
f 406/406/406 407/407/407 408/408/408
f 409/409/409 410/410/410 411/411/411
f 412/412/412 413/413/413 414/414/414
f 415/415/415 416/416/416 417/417/417
f 418/418/418 419/419/419 420/420/420
f 421/421/421 422/422/422 423/423/423
f 424/424/424 425/425/425 426/426/426
f 427/427/427 428/428/428 429/429/429
f 430/430/430 431/431/431 432/432/432
f 433/433/433 434/434/434 435/435/435
f 436/436/436 437/437/437 438/438/438
f 439/439/439 440/440/440 441/441/441
f 442/442/442 443/443/443 444/444/444
f 445/445/445 446/446/446 447/447/447
f 448/448/448 449/449/449 450/450/450
f 451/451/451 452/452/452 453/453/453
f 454/454/454 455/455/455 456/456/456
f 457/457/457 458/458/458 459/459/459
f 460/460/460 461/461/461 462/462/462
f 463/463/463 464/464/464 465/465/465
f 466/466/466 467/467/467 468/468/468
f 469/469/469 470/470/470 471/471/471
f 472/472/472 473/473/473 474/474/474
f 475/475/475 476/476/476 477/477/477
f 478/478/478 479/479/479 480/480/480
f 481/481/481 482/482/482 483/483/483
f 484/484/484 485/485/485 486/486/486
f 487/487/487 488/488/488 489/489/489
f 490/490/490 491/491/491 492/492/492
f 493/493/493 494/494/494 495/495/495
f 496/496/496 497/497/497 498/498/498
f 499/499/499 500/500/500 501/501/501
f 502/502/502 503/503/503 504/504/504
f 505/505/505 506/506/506 507/507/507
f 508/508/508 509/509/509 510/510/510
f 511/511/511 512/512/512 513/513/513
f 514/514/514 515/515/515 516/516/516
f 517/517/517 518/518/518 519/519/519
f 520/520/520 521/521/521 522/522/522
f 523/523/523 524/524/524 525/525/525
f 526/526/526 527/527/527 528/528/528
f 529/529/529 530/530/530 531/531/531
f 532/532/532 533/533/533 534/534/534
f 535/535/535 536/536/536 537/537/537
f 538/538/538 539/539/539 540/540/540
f 541/541/541 542/542/542 543/543/543
f 544/544/544 545/545/545 546/546/546
f 547/547/547 548/548/548 549/549/549
f 550/550/550 551/551/551 552/552/552
f 553/553/553 554/554/554 555/555/555
f 556/556/556 557/557/557 558/558/558
f 559/559/559 560/560/560 561/561/561
f 562/562/562 563/563/563 564/564/564
f 565/565/565 566/566/566 567/567/567
f 568/568/568 569/569/569 570/570/570
f 571/571/571 572/572/572 573/573/573
f 574/574/574 575/575/575 576/576/576
f 577/577/577 578/578/578 579/579/579
f 580/580/580 581/581/581 582/582/582
f 583/583/583 584/584/584 585/585/585
f 586/586/586 587/587/587 588/588/588
f 589/589/589 590/590/590 591/591/591
f 592/592/592 593/593/593 594/594/594
f 595/595/595 596/596/596 597/597/597
f 598/598/598 599/599/599 600/600/600
f 601/601/601 602/602/602 603/603/603
f 604/604/604 605/605/605 606/606/606
f 607/607/607 608/608/608 609/609/609
f 610/610/610 611/611/611 612/612/612
f 613/613/613 614/614/614 615/615/615
f 616/616/616 617/617/617 618/618/618
f 619/619/619 620/620/620 621/621/621
f 622/622/622 623/623/623 624/624/624
f 625/625/625 626/626/626 627/627/627
f 628/628/628 629/629/629 630/630/630
f 631/631/631 632/632/632 633/633/633
f 634/634/634 635/635/635 636/636/636
f 637/637/637 638/638/638 639/639/639
f 640/640/640 641/641/641 642/642/642
f 643/643/643 644/644/644 645/645/645
f 646/646/646 647/647/647 648/648/648
f 649/649/649 650/650/650 651/651/651
f 652/652/652 653/653/653 654/654/654
f 655/655/655 656/656/656 657/657/657
f 658/658/658 659/659/659 660/660/660
f 661/661/661 662/662/662 663/663/663
f 664/664/664 665/665/665 666/666/666
f 667/667/667 668/668/668 669/669/669
f 670/670/670 671/671/671 672/672/672
f 673/673/673 674/674/674 675/675/675
f 676/676/676 677/677/677 678/678/678
f 679/679/679 680/680/680 681/681/681
f 682/682/682 683/683/683 684/684/684
f 685/685/685 686/686/686 687/687/687
f 688/688/688 689/689/689 690/690/690
f 691/691/691 692/692/692 693/693/693
f 694/694/694 695/695/695 696/696/696
f 697/697/697 698/698/698 699/699/699
f 700/700/700 701/701/701 702/702/702
f 703/703/703 704/704/704 705/705/705
f 706/706/706 707/707/707 708/708/708
f 709/709/709 710/710/710 711/711/711
f 712/712/712 713/713/713 714/714/714
f 715/715/715 716/716/716 717/717/717
f 718/718/718 719/719/719 720/720/720
f 721/721/721 722/722/722 723/723/723
f 724/724/724 725/725/725 726/726/726
f 727/727/727 728/728/728 729/729/729
f 730/730/730 731/731/731 732/732/732
f 733/733/733 734/734/734 735/735/735
f 736/736/736 737/737/737 738/738/738
f 739/739/739 740/740/740 741/741/741
f 742/742/742 743/743/743 744/744/744
f 745/745/745 746/746/746 747/747/747
f 748/748/748 749/749/749 750/750/750
f 751/751/751 752/752/752 753/753/753
f 754/754/754 755/755/755 756/756/756
f 757/757/757 758/758/758 759/759/759
f 760/760/760 761/761/761 762/762/762
f 763/763/763 764/764/764 765/765/765
f 766/766/766 767/767/767 768/768/768
f 769/769/769 770/770/770 771/771/771
f 772/772/772 773/773/773 774/774/774
f 775/775/775 776/776/776 777/777/777
f 778/778/778 779/779/779 780/780/780
f 781/781/781 782/782/782 783/783/783
f 784/784/784 785/785/785 786/786/786
f 787/787/787 788/788/788 789/789/789
f 790/790/790 791/791/791 792/792/792
f 793/793/793 794/794/794 795/795/795
f 796/796/796 797/797/797 798/798/798
f 799/799/799 800/800/800 801/801/801
f 802/802/802 803/803/803 804/804/804
f 805/805/805 806/806/806 807/807/807
f 808/808/808 809/809/809 810/810/810
f 811/811/811 812/812/812 813/813/813
f 814/814/814 815/815/815 816/816/816
f 817/817/817 818/818/818 819/819/819
f 820/820/820 821/821/821 822/822/822
f 823/823/823 824/824/824 825/825/825
f 826/826/826 827/827/827 828/828/828
f 829/829/829 830/830/830 831/831/831
f 832/832/832 833/833/833 834/834/834
f 835/835/835 836/836/836 837/837/837
f 838/838/838 839/839/839 840/840/840
f 841/841/841 842/842/842 843/843/843
f 844/844/844 845/845/845 846/846/846
f 847/847/847 848/848/848 849/849/849
f 850/850/850 851/851/851 852/852/852
f 853/853/853 854/854/854 855/855/855
f 856/856/856 857/857/857 858/858/858
f 859/859/859 860/860/860 861/861/861
f 862/862/862 863/863/863 864/864/864
f 865/865/865 866/866/866 867/867/867
f 868/868/868 869/869/869 870/870/870
f 871/871/871 872/872/872 873/873/873
f 874/874/874 875/875/875 876/876/876
f 877/877/877 878/878/878 879/879/879
f 880/880/880 881/881/881 882/882/882
f 883/883/883 884/884/884 885/885/885
f 886/886/886 887/887/887 888/888/888
f 889/889/889 890/890/890 891/891/891
f 892/892/892 893/893/893 894/894/894
f 895/895/895 896/896/896 897/897/897
f 898/898/898 899/899/899 900/900/900
f 901/901/901 902/902/902 903/903/903
f 904/904/904 905/905/905 906/906/906
f 907/907/907 908/908/908 909/909/909
f 910/910/910 911/911/911 912/912/912
f 913/913/913 914/914/914 915/915/915
f 916/916/916 917/917/917 918/918/918
f 919/919/919 920/920/920 921/921/921
f 922/922/922 923/923/923 924/924/924
f 925/925/925 926/926/926 927/927/927
f 928/928/928 929/929/929 930/930/930
f 931/931/931 932/932/932 933/933/933
f 934/934/934 935/935/935 936/936/936
f 937/937/937 938/938/938 939/939/939
f 940/940/940 941/941/941 942/942/942
f 943/943/943 944/944/944 945/945/945
f 946/946/946 947/947/947 948/948/948
f 949/949/949 950/950/950 951/951/951
f 952/952/952 953/953/953 954/954/954
f 955/955/955 956/956/956 957/957/957
f 958/958/958 959/959/959 960/960/960
f 961/961/961 962/962/962 963/963/963
f 964/964/964 965/965/965 966/966/966
f 967/967/967 968/968/968 969/969/969
f 970/970/970 971/971/971 972/972/972
f 973/973/973 974/974/974 975/975/975
f 976/976/976 977/977/977 978/978/978
f 979/979/979 980/980/980 981/981/981
f 982/982/982 983/983/983 984/984/984
f 985/985/985 986/986/986 987/987/987
f 988/988/988 989/989/989 990/990/990
f 991/991/991 992/992/992 993/993/993
f 994/994/994 995/995/995 996/996/996
f 997/997/997 998/998/998 999/999/999
f 1000/1000/1000 1001/1001/1001 1002/1002/1002
f 1003/1003/1003 1004/1004/1004 1005/1005/1005
f 1006/1006/1006 1007/1007/1007 1008/1008/1008
f 1009/1009/1009 1010/1010/1010 1011/1011/1011
f 1012/1012/1012 1013/1013/1013 1014/1014/1014
f 1015/1015/1015 1016/1016/1016 1017/1017/1017
f 1018/1018/1018 1019/1019/1019 1020/1020/1020
f 1021/1021/1021 1022/1022/1022 1023/1023/1023
f 1024/1024/1024 1025/1025/1025 1026/1026/1026
f 1027/1027/1027 1028/1028/1028 1029/1029/1029
f 1030/1030/1030 1031/1031/1031 1032/1032/1032
f 1033/1033/1033 1034/1034/1034 1035/1035/1035
f 1036/1036/1036 1037/1037/1037 1038/1038/1038
f 1039/1039/1039 1040/1040/1040 1041/1041/1041
f 1042/1042/1042 1043/1043/1043 1044/1044/1044
f 1045/1045/1045 1046/1046/1046 1047/1047/1047
f 1048/1048/1048 1049/1049/1049 1050/1050/1050
f 1051/1051/1051 1052/1052/1052 1053/1053/1053
f 1054/1054/1054 1055/1055/1055 1056/1056/1056
f 1057/1057/1057 1058/1058/1058 1059/1059/1059
f 1060/1060/1060 1061/1061/1061 1062/1062/1062
f 1063/1063/1063 1064/1064/1064 1065/1065/1065
f 1066/1066/1066 1067/1067/1067 1068/1068/1068
f 1069/1069/1069 1070/1070/1070 1071/1071/1071
f 1072/1072/1072 1073/1073/1073 1074/1074/1074
f 1075/1075/1075 1076/1076/1076 1077/1077/1077
f 1078/1078/1078 1079/1079/1079 1080/1080/1080
f 1081/1081/1081 1082/1082/1082 1083/1083/1083
f 1084/1084/1084 1085/1085/1085 1086/1086/1086
f 1087/1087/1087 1088/1088/1088 1089/1089/1089
f 1090/1090/1090 1091/1091/1091 1092/1092/1092
f 1093/1093/1093 1094/1094/1094 1095/1095/1095
f 1096/1096/1096 1097/1097/1097 1098/1098/1098
f 1099/1099/1099 1100/1100/1100 1101/1101/1101
f 1102/1102/1102 1103/1103/1103 1104/1104/1104
f 1105/1105/1105 1106/1106/1106 1107/1107/1107
f 1108/1108/1108 1109/1109/1109 1110/1110/1110
f 1111/1111/1111 1112/1112/1112 1113/1113/1113
f 1114/1114/1114 1115/1115/1115 1116/1116/1116
f 1117/1117/1117 1118/1118/1118 1119/1119/1119
f 1120/1120/1120 1121/1121/1121 1122/1122/1122
f 1123/1123/1123 1124/1124/1124 1125/1125/1125
f 1126/1126/1126 1127/1127/1127 1128/1128/1128
f 1129/1129/1129 1130/1130/1130 1131/1131/1131
f 1132/1132/1132 1133/1133/1133 1134/1134/1134
f 1135/1135/1135 1136/1136/1136 1137/1137/1137
f 1138/1138/1138 1139/1139/1139 1140/1140/1140
f 1141/1141/1141 1142/1142/1142 1143/1143/1143
f 1144/1144/1144 1145/1145/1145 1146/1146/1146
f 1147/1147/1147 1148/1148/1148 1149/1149/1149
f 1150/1150/1150 1151/1151/1151 1152/1152/1152
f 1153/1153/1153 1154/1154/1154 1155/1155/1155
f 1156/1156/1156 1157/1157/1157 1158/1158/1158
f 1159/1159/1159 1160/1160/1160 1161/1161/1161
f 1162/1162/1162 1163/1163/1163 1164/1164/1164
f 1165/1165/1165 1166/1166/1166 1167/1167/1167
f 1168/1168/1168 1169/1169/1169 1170/1170/1170
f 1171/1171/1171 1172/1172/1172 1173/1173/1173
f 1174/1174/1174 1175/1175/1175 1176/1176/1176
f 1177/1177/1177 1178/1178/1178 1179/1179/1179
f 1180/1180/1180 1181/1181/1181 1182/1182/1182
f 1183/1183/1183 1184/1184/1184 1185/1185/1185
f 1186/1186/1186 1187/1187/1187 1188/1188/1188
f 1189/1189/1189 1190/1190/1190 1191/1191/1191
f 1192/1192/1192 1193/1193/1193 1194/1194/1194
f 1195/1195/1195 1196/1196/1196 1197/1197/1197
f 1198/1198/1198 1199/1199/1199 1200/1200/1200
f 1201/1201/1201 1202/1202/1202 1203/1203/1203
f 1204/1204/1204 1205/1205/1205 1206/1206/1206
f 1207/1207/1207 1208/1208/1208 1209/1209/1209
f 1210/1210/1210 1211/1211/1211 1212/1212/1212
f 1213/1213/1213 1214/1214/1214 1215/1215/1215
f 1216/1216/1216 1217/1217/1217 1218/1218/1218
f 1219/1219/1219 1220/1220/1220 1221/1221/1221
f 1222/1222/1222 1223/1223/1223 1224/1224/1224
f 1225/1225/1225 1226/1226/1226 1227/1227/1227
f 1228/1228/1228 1229/1229/1229 1230/1230/1230
f 1231/1231/1231 1232/1232/1232 1233/1233/1233
f 1234/1234/1234 1235/1235/1235 1236/1236/1236
f 1237/1237/1237 1238/1238/1238 1239/1239/1239
f 1240/1240/1240 1241/1241/1241 1242/1242/1242
f 1243/1243/1243 1244/1244/1244 1245/1245/1245
f 1246/1246/1246 1247/1247/1247 1248/1248/1248
f 1249/1249/1249 1250/1250/1250 1251/1251/1251
f 1252/1252/1252 1253/1253/1253 1254/1254/1254
f 1255/1255/1255 1256/1256/1256 1257/1257/1257
f 1258/1258/1258 1259/1259/1259 1260/1260/1260
f 1261/1261/1261 1262/1262/1262 1263/1263/1263
f 1264/1264/1264 1265/1265/1265 1266/1266/1266
f 1267/1267/1267 1268/1268/1268 1269/1269/1269
f 1270/1270/1270 1271/1271/1271 1272/1272/1272
f 1273/1273/1273 1274/1274/1274 1275/1275/1275
f 1276/1276/1276 1277/1277/1277 1278/1278/1278
f 1279/1279/1279 1280/1280/1280 1281/1281/1281
f 1282/1282/1282 1283/1283/1283 1284/1284/1284
f 1285/1285/1285 1286/1286/1286 1287/1287/1287
f 1288/1288/1288 1289/1289/1289 1290/1290/1290
f 1291/1291/1291 1292/1292/1292 1293/1293/1293
f 1294/1294/1294 1295/1295/1295 1296/1296/1296
f 1297/1297/1297 1298/1298/1298 1299/1299/1299
f 1300/1300/1300 1301/1301/1301 1302/1302/1302
f 1303/1303/1303 1304/1304/1304 1305/1305/1305
f 1306/1306/1306 1307/1307/1307 1308/1308/1308
f 1309/1309/1309 1310/1310/1310 1311/1311/1311
f 1312/1312/1312 1313/1313/1313 1314/1314/1314
f 1315/1315/1315 1316/1316/1316 1317/1317/1317
f 1318/1318/1318 1319/1319/1319 1320/1320/1320
f 1321/1321/1321 1322/1322/1322 1323/1323/1323
f 1324/1324/1324 1325/1325/1325 1326/1326/1326
f 1327/1327/1327 1328/1328/1328 1329/1329/1329
f 1330/1330/1330 1331/1331/1331 1332/1332/1332
f 1333/1333/1333 1334/1334/1334 1335/1335/1335
f 1336/1336/1336 1337/1337/1337 1338/1338/1338
f 1339/1339/1339 1340/1340/1340 1341/1341/1341
f 1342/1342/1342 1343/1343/1343 1344/1344/1344
f 1345/1345/1345 1346/1346/1346 1347/1347/1347
f 1348/1348/1348 1349/1349/1349 1350/1350/1350
f 1351/1351/1351 1352/1352/1352 1353/1353/1353
f 1354/1354/1354 1355/1355/1355 1356/1356/1356
f 1357/1357/1357 1358/1358/1358 1359/1359/1359
f 1360/1360/1360 1361/1361/1361 1362/1362/1362
f 1363/1363/1363 1364/1364/1364 1365/1365/1365
f 1366/1366/1366 1367/1367/1367 1368/1368/1368
f 1369/1369/1369 1370/1370/1370 1371/1371/1371
f 1372/1372/1372 1373/1373/1373 1374/1374/1374
f 1375/1375/1375 1376/1376/1376 1377/1377/1377
f 1378/1378/1378 1379/1379/1379 1380/1380/1380
f 1381/1381/1381 1382/1382/1382 1383/1383/1383
f 1384/1384/1384 1385/1385/1385 1386/1386/1386
f 1387/1387/1387 1388/1388/1388 1389/1389/1389
f 1390/1390/1390 1391/1391/1391 1392/1392/1392
f 1393/1393/1393 1394/1394/1394 1395/1395/1395
f 1396/1396/1396 1397/1397/1397 1398/1398/1398
f 1399/1399/1399 1400/1400/1400 1401/1401/1401
f 1402/1402/1402 1403/1403/1403 1404/1404/1404
f 1405/1405/1405 1406/1406/1406 1407/1407/1407
f 1408/1408/1408 1409/1409/1409 1410/1410/1410
f 1411/1411/1411 1412/1412/1412 1413/1413/1413
f 1414/1414/1414 1415/1415/1415 1416/1416/1416
f 1417/1417/1417 1418/1418/1418 1419/1419/1419
f 1420/1420/1420 1421/1421/1421 1422/1422/1422
f 1423/1423/1423 1424/1424/1424 1425/1425/1425
f 1426/1426/1426 1427/1427/1427 1428/1428/1428
f 1429/1429/1429 1430/1430/1430 1431/1431/1431
f 1432/1432/1432 1433/1433/1433 1434/1434/1434
f 1435/1435/1435 1436/1436/1436 1437/1437/1437
f 1438/1438/1438 1439/1439/1439 1440/1440/1440
f 1441/1441/1441 1442/1442/1442 1443/1443/1443
f 1444/1444/1444 1445/1445/1445 1446/1446/1446
f 1447/1447/1447 1448/1448/1448 1449/1449/1449
f 1450/1450/1450 1451/1451/1451 1452/1452/1452
f 1453/1453/1453 1454/1454/1454 1455/1455/1455
f 1456/1456/1456 1457/1457/1457 1458/1458/1458
f 1459/1459/1459 1460/1460/1460 1461/1461/1461
f 1462/1462/1462 1463/1463/1463 1464/1464/1464
f 1465/1465/1465 1466/1466/1466 1467/1467/1467
f 1468/1468/1468 1469/1469/1469 1470/1470/1470
f 1471/1471/1471 1472/1472/1472 1473/1473/1473
f 1474/1474/1474 1475/1475/1475 1476/1476/1476
f 1477/1477/1477 1478/1478/1478 1479/1479/1479
f 1480/1480/1480 1481/1481/1481 1482/1482/1482
f 1483/1483/1483 1484/1484/1484 1485/1485/1485
f 1486/1486/1486 1487/1487/1487 1488/1488/1488
f 1489/1489/1489 1490/1490/1490 1491/1491/1491
f 1492/1492/1492 1493/1493/1493 1494/1494/1494
f 1495/1495/1495 1496/1496/1496 1497/1497/1497
f 1498/1498/1498 1499/1499/1499 1500/1500/1500
f 1501/1501/1501 1502/1502/1502 1503/1503/1503
f 1504/1504/1504 1505/1505/1505 1506/1506/1506
f 1507/1507/1507 1508/1508/1508 1509/1509/1509
f 1510/1510/1510 1511/1511/1511 1512/1512/1512
f 1513/1513/1513 1514/1514/1514 1515/1515/1515
f 1516/1516/1516 1517/1517/1517 1518/1518/1518
f 1519/1519/1519 1520/1520/1520 1521/1521/1521
f 1522/1522/1522 1523/1523/1523 1524/1524/1524
f 1525/1525/1525 1526/1526/1526 1527/1527/1527
f 1528/1528/1528 1529/1529/1529 1530/1530/1530
f 1531/1531/1531 1532/1532/1532 1533/1533/1533
f 1534/1534/1534 1535/1535/1535 1536/1536/1536
f 1537/1537/1537 1538/1538/1538 1539/1539/1539
f 1540/1540/1540 1541/1541/1541 1542/1542/1542
f 1543/1543/1543 1544/1544/1544 1545/1545/1545
f 1546/1546/1546 1547/1547/1547 1548/1548/1548
f 1549/1549/1549 1550/1550/1550 1551/1551/1551
f 1552/1552/1552 1553/1553/1553 1554/1554/1554
f 1555/1555/1555 1556/1556/1556 1557/1557/1557
f 1558/1558/1558 1559/1559/1559 1560/1560/1560
f 1561/1561/1561 1562/1562/1562 1563/1563/1563
f 1564/1564/1564 1565/1565/1565 1566/1566/1566
f 1567/1567/1567 1568/1568/1568 1569/1569/1569
f 1570/1570/1570 1571/1571/1571 1572/1572/1572
f 1573/1573/1573 1574/1574/1574 1575/1575/1575
f 1576/1576/1576 1577/1577/1577 1578/1578/1578
f 1579/1579/1579 1580/1580/1580 1581/1581/1581
f 1582/1582/1582 1583/1583/1583 1584/1584/1584
f 1585/1585/1585 1586/1586/1586 1587/1587/1587
f 1588/1588/1588 1589/1589/1589 1590/1590/1590
f 1591/1591/1591 1592/1592/1592 1593/1593/1593
f 1594/1594/1594 1595/1595/1595 1596/1596/1596
f 1597/1597/1597 1598/1598/1598 1599/1599/1599
f 1600/1600/1600 1601/1601/1601 1602/1602/1602
f 1603/1603/1603 1604/1604/1604 1605/1605/1605
f 1606/1606/1606 1607/1607/1607 1608/1608/1608
f 1609/1609/1609 1610/1610/1610 1611/1611/1611
f 1612/1612/1612 1613/1613/1613 1614/1614/1614
f 1615/1615/1615 1616/1616/1616 1617/1617/1617
f 1618/1618/1618 1619/1619/1619 1620/1620/1620
f 1621/1621/1621 1622/1622/1622 1623/1623/1623
f 1624/1624/1624 1625/1625/1625 1626/1626/1626
f 1627/1627/1627 1628/1628/1628 1629/1629/1629
f 1630/1630/1630 1631/1631/1631 1632/1632/1632
f 1633/1633/1633 1634/1634/1634 1635/1635/1635
f 1636/1636/1636 1637/1637/1637 1638/1638/1638
f 1639/1639/1639 1640/1640/1640 1641/1641/1641
f 1642/1642/1642 1643/1643/1643 1644/1644/1644
f 1645/1645/1645 1646/1646/1646 1647/1647/1647
f 1648/1648/1648 1649/1649/1649 1650/1650/1650
f 1651/1651/1651 1652/1652/1652 1653/1653/1653
f 1654/1654/1654 1655/1655/1655 1656/1656/1656
f 1657/1657/1657 1658/1658/1658 1659/1659/1659
f 1660/1660/1660 1661/1661/1661 1662/1662/1662
f 1663/1663/1663 1664/1664/1664 1665/1665/1665
f 1666/1666/1666 1667/1667/1667 1668/1668/1668
f 1669/1669/1669 1670/1670/1670 1671/1671/1671
f 1672/1672/1672 1673/1673/1673 1674/1674/1674
f 1675/1675/1675 1676/1676/1676 1677/1677/1677
f 1678/1678/1678 1679/1679/1679 1680/1680/1680
f 1681/1681/1681 1682/1682/1682 1683/1683/1683
f 1684/1684/1684 1685/1685/1685 1686/1686/1686
f 1687/1687/1687 1688/1688/1688 1689/1689/1689
f 1690/1690/1690 1691/1691/1691 1692/1692/1692
f 1693/1693/1693 1694/1694/1694 1695/1695/1695
f 1696/1696/1696 1697/1697/1697 1698/1698/1698
f 1699/1699/1699 1700/1700/1700 1701/1701/1701
f 1702/1702/1702 1703/1703/1703 1704/1704/1704
f 1705/1705/1705 1706/1706/1706 1707/1707/1707
f 1708/1708/1708 1709/1709/1709 1710/1710/1710
f 1711/1711/1711 1712/1712/1712 1713/1713/1713
f 1714/1714/1714 1715/1715/1715 1716/1716/1716
f 1717/1717/1717 1718/1718/1718 1719/1719/1719
f 1720/1720/1720 1721/1721/1721 1722/1722/1722
f 1723/1723/1723 1724/1724/1724 1725/1725/1725
f 1726/1726/1726 1727/1727/1727 1728/1728/1728
f 1729/1729/1729 1730/1730/1730 1731/1731/1731
f 1732/1732/1732 1733/1733/1733 1734/1734/1734
f 1735/1735/1735 1736/1736/1736 1737/1737/1737
f 1738/1738/1738 1739/1739/1739 1740/1740/1740
f 1741/1741/1741 1742/1742/1742 1743/1743/1743
f 1744/1744/1744 1745/1745/1745 1746/1746/1746
f 1747/1747/1747 1748/1748/1748 1749/1749/1749
f 1750/1750/1750 1751/1751/1751 1752/1752/1752
f 1753/1753/1753 1754/1754/1754 1755/1755/1755
f 1756/1756/1756 1757/1757/1757 1758/1758/1758
f 1759/1759/1759 1760/1760/1760 1761/1761/1761
f 1762/1762/1762 1763/1763/1763 1764/1764/1764
f 1765/1765/1765 1766/1766/1766 1767/1767/1767
f 1768/1768/1768 1769/1769/1769 1770/1770/1770
f 1771/1771/1771 1772/1772/1772 1773/1773/1773
f 1774/1774/1774 1775/1775/1775 1776/1776/1776
f 1777/1777/1777 1778/1778/1778 1779/1779/1779
f 1780/1780/1780 1781/1781/1781 1782/1782/1782
f 1783/1783/1783 1784/1784/1784 1785/1785/1785
f 1786/1786/1786 1787/1787/1787 1788/1788/1788
f 1789/1789/1789 1790/1790/1790 1791/1791/1791
f 1792/1792/1792 1793/1793/1793 1794/1794/1794
f 1795/1795/1795 1796/1796/1796 1797/1797/1797
f 1798/1798/1798 1799/1799/1799 1800/1800/1800
f 1801/1801/1801 1802/1802/1802 1803/1803/1803
f 1804/1804/1804 1805/1805/1805 1806/1806/1806
f 1807/1807/1807 1808/1808/1808 1809/1809/1809
f 1810/1810/1810 1811/1811/1811 1812/1812/1812
f 1813/1813/1813 1814/1814/1814 1815/1815/1815
f 1816/1816/1816 1817/1817/1817 1818/1818/1818
f 1819/1819/1819 1820/1820/1820 1821/1821/1821
f 1822/1822/1822 1823/1823/1823 1824/1824/1824
f 1825/1825/1825 1826/1826/1826 1827/1827/1827
f 1828/1828/1828 1829/1829/1829 1830/1830/1830
f 1831/1831/1831 1832/1832/1832 1833/1833/1833
f 1834/1834/1834 1835/1835/1835 1836/1836/1836
f 1837/1837/1837 1838/1838/1838 1839/1839/1839
f 1840/1840/1840 1841/1841/1841 1842/1842/1842
f 1843/1843/1843 1844/1844/1844 1845/1845/1845
f 1846/1846/1846 1847/1847/1847 1848/1848/1848
f 1849/1849/1849 1850/1850/1850 1851/1851/1851
f 1852/1852/1852 1853/1853/1853 1854/1854/1854
f 1855/1855/1855 1856/1856/1856 1857/1857/1857
f 1858/1858/1858 1859/1859/1859 1860/1860/1860
f 1861/1861/1861 1862/1862/1862 1863/1863/1863
f 1864/1864/1864 1865/1865/1865 1866/1866/1866
f 1867/1867/1867 1868/1868/1868 1869/1869/1869
f 1870/1870/1870 1871/1871/1871 1872/1872/1872
f 1873/1873/1873 1874/1874/1874 1875/1875/1875
f 1876/1876/1876 1877/1877/1877 1878/1878/1878
f 1879/1879/1879 1880/1880/1880 1881/1881/1881
f 1882/1882/1882 1883/1883/1883 1884/1884/1884
f 1885/1885/1885 1886/1886/1886 1887/1887/1887
f 1888/1888/1888 1889/1889/1889 1890/1890/1890
f 1891/1891/1891 1892/1892/1892 1893/1893/1893
f 1894/1894/1894 1895/1895/1895 1896/1896/1896
f 1897/1897/1897 1898/1898/1898 1899/1899/1899
f 1900/1900/1900 1901/1901/1901 1902/1902/1902
f 1903/1903/1903 1904/1904/1904 1905/1905/1905
f 1906/1906/1906 1907/1907/1907 1908/1908/1908
f 1909/1909/1909 1910/1910/1910 1911/1911/1911
f 1912/1912/1912 1913/1913/1913 1914/1914/1914
f 1915/1915/1915 1916/1916/1916 1917/1917/1917
f 1918/1918/1918 1919/1919/1919 1920/1920/1920
f 1921/1921/1921 1922/1922/1922 1923/1923/1923
f 1924/1924/1924 1925/1925/1925 1926/1926/1926
f 1927/1927/1927 1928/1928/1928 1929/1929/1929
f 1930/1930/1930 1931/1931/1931 1932/1932/1932
f 1933/1933/1933 1934/1934/1934 1935/1935/1935
f 1936/1936/1936 1937/1937/1937 1938/1938/1938
f 1939/1939/1939 1940/1940/1940 1941/1941/1941
f 1942/1942/1942 1943/1943/1943 1944/1944/1944
f 1945/1945/1945 1946/1946/1946 1947/1947/1947
f 1948/1948/1948 1949/1949/1949 1950/1950/1950
f 1951/1951/1951 1952/1952/1952 1953/1953/1953
f 1954/1954/1954 1955/1955/1955 1956/1956/1956
f 1957/1957/1957 1958/1958/1958 1959/1959/1959
f 1960/1960/1960 1961/1961/1961 1962/1962/1962
f 1963/1963/1963 1964/1964/1964 1965/1965/1965
f 1966/1966/1966 1967/1967/1967 1968/1968/1968
f 1969/1969/1969 1970/1970/1970 1971/1971/1971
f 1972/1972/1972 1973/1973/1973 1974/1974/1974
f 1975/1975/1975 1976/1976/1976 1977/1977/1977
f 1978/1978/1978 1979/1979/1979 1980/1980/1980
f 1981/1981/1981 1982/1982/1982 1983/1983/1983
f 1984/1984/1984 1985/1985/1985 1986/1986/1986
f 1987/1987/1987 1988/1988/1988 1989/1989/1989
f 1990/1990/1990 1991/1991/1991 1992/1992/1992
f 1993/1993/1993 1994/1994/1994 1995/1995/1995
f 1996/1996/1996 1997/1997/1997 1998/1998/1998
f 1999/1999/1999 2000/2000/2000 2001/2001/2001
f 2002/2002/2002 2003/2003/2003 2004/2004/2004
f 2005/2005/2005 2006/2006/2006 2007/2007/2007
f 2008/2008/2008 2009/2009/2009 2010/2010/2010
f 2011/2011/2011 2012/2012/2012 2013/2013/2013
f 2014/2014/2014 2015/2015/2015 2016/2016/2016
f 2017/2017/2017 2018/2018/2018 2019/2019/2019
f 2020/2020/2020 2021/2021/2021 2022/2022/2022
f 2023/2023/2023 2024/2024/2024 2025/2025/2025
f 2026/2026/2026 2027/2027/2027 2028/2028/2028
f 2029/2029/2029 2030/2030/2030 2031/2031/2031
f 2032/2032/2032 2033/2033/2033 2034/2034/2034
f 2035/2035/2035 2036/2036/2036 2037/2037/2037
f 2038/2038/2038 2039/2039/2039 2040/2040/2040
f 2041/2041/2041 2042/2042/2042 2043/2043/2043
f 2044/2044/2044 2045/2045/2045 2046/2046/2046
f 2047/2047/2047 2048/2048/2048 2049/2049/2049
f 2050/2050/2050 2051/2051/2051 2052/2052/2052
f 2053/2053/2053 2054/2054/2054 2055/2055/2055
f 2056/2056/2056 2057/2057/2057 2058/2058/2058
f 2059/2059/2059 2060/2060/2060 2061/2061/2061
f 2062/2062/2062 2063/2063/2063 2064/2064/2064
f 2065/2065/2065 2066/2066/2066 2067/2067/2067
f 2068/2068/2068 2069/2069/2069 2070/2070/2070
f 2071/2071/2071 2072/2072/2072 2073/2073/2073
f 2074/2074/2074 2075/2075/2075 2076/2076/2076
f 2077/2077/2077 2078/2078/2078 2079/2079/2079
f 2080/2080/2080 2081/2081/2081 2082/2082/2082
f 2083/2083/2083 2084/2084/2084 2085/2085/2085
f 2086/2086/2086 2087/2087/2087 2088/2088/2088
f 2089/2089/2089 2090/2090/2090 2091/2091/2091
f 2092/2092/2092 2093/2093/2093 2094/2094/2094
f 2095/2095/2095 2096/2096/2096 2097/2097/2097
f 2098/2098/2098 2099/2099/2099 2100/2100/2100
f 2101/2101/2101 2102/2102/2102 2103/2103/2103
f 2104/2104/2104 2105/2105/2105 2106/2106/2106
f 2107/2107/2107 2108/2108/2108 2109/2109/2109
f 2110/2110/2110 2111/2111/2111 2112/2112/2112
f 2113/2113/2113 2114/2114/2114 2115/2115/2115
f 2116/2116/2116 2117/2117/2117 2118/2118/2118
f 2119/2119/2119 2120/2120/2120 2121/2121/2121
f 2122/2122/2122 2123/2123/2123 2124/2124/2124
f 2125/2125/2125 2126/2126/2126 2127/2127/2127
f 2128/2128/2128 2129/2129/2129 2130/2130/2130
f 2131/2131/2131 2132/2132/2132 2133/2133/2133
f 2134/2134/2134 2135/2135/2135 2136/2136/2136
